,F_1,F_2,F_3,Label
0,0.5853383910577,0.8851716059857724,-0.8489532259885063,0
1,1.4737938642265769,-1.472846136236615,2.2681081349100305,2
2,1.3684747125616845,0.2804269255054377,-1.3307532498005397,0
3,-0.19825009889694056,0.29119753322243475,0.3908663646196435,1
4,0.5473984881983263,0.9546346403242385,-0.8357726739230967,0
5,1.3385732100103083,0.34776518318605953,-1.427646622202932,0
6,-0.6678121037501132,2.2557319493938373,-1.111474556054677,0
7,-0.32861728242322963,1.3288816415180214,-0.8915735977767514,0
8,0.6057563327244398,-1.2016455581784782,0.11356375330985265,2
9,-0.02764042949345747,-0.7018709475572028,-0.6115814945211553,1
10,-0.3171313424031358,1.1815649768803504,0.20667425192449718,0
11,-0.33208209367882385,1.2152341057206613,0.15822756572330102,0
12,-0.32403503577642123,1.2518998759755218,-0.2918651754179194,0
13,1.3403078127706907,0.27834284034908263,-0.8539879298796135,0
14,1.369613770116255,0.2774031564232287,-1.3203333577863343,0
15,0.0324481497739877,-0.1786387125137316,-0.4488885002222106,1
16,1.3385732100103083,0.34776518318605953,-1.427646622202932,0
17,1.397193825941154,0.20341803229527902,-1.122270990367526,0
18,-0.46382951169142184,0.44497050267562754,-0.45494125225771387,0
19,0.512324085764204,-0.10631410423966203,0.07984664831984843,0
20,-1.0544415949040158,-0.26532330861346387,0.20209602572296564,1
21,1.4325790871125292,0.39595652984245805,-0.4847723466007628,0
22,-0.548112434244051,2.2549300986181513,-0.11716587870012411,0
23,-0.2547486060437215,1.5153319093992939,-0.8200744143703053,0
24,0.6465387818905194,1.028009573023401,-0.18602770093042142,0
25,-0.5393095128807565,2.3084182581720607,-0.771069362862544,0
26,0.6391002337628797,1.0737602143587184,-0.4717670366513489,0
27,-0.7112683832214785,-0.5720335085395277,-0.38750986232439255,1
28,0.6166372793391434,1.0953478307040228,-0.28292107333281363,0
29,1.4009429818007713,0.5327171303600567,-1.1553244113264736,0
30,1.4526642549781896,0.38747098704491123,-0.7294549630090607,0
31,0.44662521829573365,1.0266646786738471,0.09835370326782879,0
32,-0.010101245721390718,-0.4095644115564002,-0.5456037317706987,1
33,0.49147747212279785,0.9256572921529146,0.24369376187141722,0
34,1.4607459869035233,0.3980406149988133,-0.9615376665216889,0
35,-0.5473262473800863,2.316890237135777,-0.7219998279171557,0
36,0.6453867161216857,1.0634766867124417,-0.4754620200956321,0
37,-0.29145537764005225,1.0295781327606277,-0.5162537386956533,0
38,0.4546722761981362,1.063330448928708,-0.35173903787339167,0
39,-0.26624751063276686,1.5138335886920187,-0.6192513869002934,0
40,-1.2689957860163075,0.07119604139562641,-0.7032913825673409,1
41,-0.07538458106121182,-1.4891603345066389,0.11264784130491193,1
42,1.4288831737355547,0.4344590291287099,-0.8400256706376655,0
43,1.7910888333016923,0.20505778619513967,0.07511278891552002,0
44,0.607730512651071,-0.8849320298242728,0.08989501160901925,2
45,-0.07595410983849708,-1.4876484499655342,0.10743789529780919,1
46,1.4283136449582692,0.43597091366981444,-0.8452356166447681,0
47,0.08984327949778784,0.8240340183439193,-0.34589506450267915,0
48,-0.284320295888286,1.5132594407579407,-0.39870820730686546,0
49,0.08732090087314391,0.7600093206821296,0.9379388179224354,0
50,-0.2412595987489491,1.67696298213062,2.672643650877438,2
51,-1.0447997276695224,0.469321873640876,2.7582683197383617,2
52,-1.0762523279082534,0.31407449919466235,0.3798867846651185,1
53,-0.13409779984688464,-1.3704550033009548,0.6849151492661375,2
54,0.6059937268758012,1.3670304695352495,2.6419710943429062,2
55,1.4754891066147744,-1.200108701407659,3.33110302203413,2
56,-1.1021324549957017,0.34473342278659386,0.5374730719410372,1
57,1.370739483727167,0.5516524757932894,-0.26254841666933687,0
58,-0.3193498761316547,1.5704080564477665,2.859119525196791,2
59,0.4211785250332772,0.050321525637023204,0.7684160061579952,0
60,1.340837981175791,0.6189907334739111,-0.359441789071729,0
61,-0.3269220400350323,1.601619076346978,0.1714212893473486,0
62,1.373054577685244,0.5175489600908688,-0.16801180018118075,0
63,-0.14616392838721043,-1.372401274704169,0.7362150255602,2
64,1.4479026980214755,-1.166873959429458,3.3287462661198934,2
65,-1.7264417359483617,-0.5973103882766269,-0.08750063822085825,1
66,1.3282023238581797,0.6185563466118015,-0.31335185878476907,0
67,-1.1331707102756436,0.4131356143123807,0.2858466023555929,1
68,-0.14616392838721043,-1.372401274704169,0.7362150255602,2
69,-1.103838736501553,0.3473092411728636,0.3775300287508823,1
70,0.43901389904432747,-0.018963003446812815,0.9166092548544501,2
71,0.03515374100204783,0.9041001802238693,0.33653869796801095,0
72,1.3609514702959824,0.5436586662256571,-0.19040875634686308,0
73,-1.1032692077242676,0.3457973566317591,0.38273997475798516,1
74,-0.32697172442076805,1.5481742895854835,0.4891356798967473,0
75,0.046065801624998175,0.8295292916468392,0.8105433578377331,0
76,-1.0773890806368192,0.3151384330398276,0.22515368748206635,1
77,0.5617253399617396,1.185096244628512,0.23252468924976882,0
78,-0.6804394392027149,2.53891785328987,-0.07902396618733827,0
79,-0.32862832154088323,1.6041948947332478,0.011478246157193712,0
80,1.3140082540618738,0.5799656930428834,-0.07370188421728421,0
81,-1.1324140287962616,0.3408758319031518,0.5739432631242738,1
82,1.29499714632478,0.5663858598406019,0.36441379277245933,0
83,-0.7140232487470214,-0.40529758287797163,0.9568916008645537,2
84,0.007147977484623784,0.8961548864130532,0.5381618783485052,0
85,0.5415558957990383,-0.9278897049667065,1.7440736324906068,2
86,-0.43262584621529576,0.6116171758667299,0.5592961437034023,1
87,0.051235710256391044,0.7395345636803674,1.2273314966467113,0
88,-1.1324140287962616,0.3408758319031518,0.5739432631242738,1
89,0.4588850763702032,-0.7581266171847747,1.5859066054913662,2
90,-1.1312749712416912,0.3378520628209428,0.5843631551384794,1
91,-0.6990724974713334,-0.43896671171828244,1.0053382870657495,2
92,-1.184174282971158,0.40219367908701475,0.8891158376761111,1
93,-0.356064556281022,1.5947377163813268,0.21831137254479072,0
94,0.45183901389003944,-0.0912363496898713,1.0090928341602214,2
95,-1.104825315376958,0.30568125468790686,0.43198681386966337,1
96,0.4991361994425077,1.1472671794723786,1.2806345101299526,0
97,0.006008919930053227,0.8991786554952622,0.5277419863342996,0
98,0.42113683207702335,-0.08895848789425588,0.9004553315260249,2
99,-0.15288008610975162,-1.5036631284256017,1.1552894904469582,2
100,1.3886459148178667,-1.411708851640371,0.9515000938578645,2
101,-0.09154151276871775,-0.3988692254921518,0.1805608649889842,1
102,-1.1510477772429475,0.3431401298649376,0.2696926790271673,1
103,-0.3626385289557818,1.558197903596578,0.05846652365819358,0
104,-0.15743631632803384,-1.4915680520967658,1.1136099223901363,2
105,-0.6811093055938578,2.422858499531825,0.03511297023625682,0
106,-1.138979343876617,0.3431265660311079,0.07407959756425818,1
107,-0.36088661100659014,1.5663566545850107,-0.04791241736532506,0
108,-1.1211462746915715,0.27580187218431584,0.3665860514295598,1
109,-0.6811093055938578,2.422858499531825,0.03511297023625682,0
110,-0.2146448767860305,-1.306521587224549,0.3656159354509807,1
111,0.029163956604855313,0.0026494604900433754,-0.02077329792143279,1
112,-1.1375829218816929,0.32213430318313896,-0.19950993129178002,1
113,-1.1454033645957953,-0.1046898422414918,-0.685133601475387,1
114,-0.18254645765428673,-1.857756258983551,-0.12255344249596617,1
115,-0.17909896158750224,-1.8216898170116,-0.49231697264918145,1
116,0.5183453654114427,-1.301103708152891,-0.00980546643273554,2
117,-1.1356347121472739,-0.10500307021677642,-0.8405820774442941,1
118,-1.395151455157666,-0.23339862245815712,-1.1804146227253125,1
119,-1.1482856825051526,-0.0710342772350106,-0.9291933691394927,1
120,-1.166105743475935,-0.03615292799505011,-0.942685395853789,1
121,-0.16357868153452892,-1.8568708303930153,-0.43866034044088265,1
122,-1.1206839608715857,-0.13867219905708728,-0.7921353912430977,1
123,-0.17852943281021696,-1.8232017015527047,-0.4871070266420788,1
124,-0.19348018408590498,-1.7895325727123936,-0.5355537128432749,1
125,-0.20843093536159307,-1.755863443872083,-0.584000399044471,1
126,-0.2233816866372811,-1.722194315031772,-0.6324470852456673,1
127,-0.16357868153452892,-1.8568708303930153,-0.43866034044088265,1
128,-0.17852943281021696,-1.8232017015527047,-0.4871070266420788,1
129,-1.745047535861992,-1.130241126407715,-0.8107683005179014,1
130,0.5172827445779975,0.6955188347011014,-0.45516546481618264,0
131,-0.19348018408590498,-1.7895325727123936,-0.5355537128432749,1
132,-1.395151455157666,-0.23339862245815712,-1.1804146227253125,1
133,-0.20843093536159307,-1.755863443872083,-0.584000399044471,1
134,-0.1647177390890995,-1.8538470613108062,-0.4490802324550881,1
135,-1.1304526133201072,-0.13835897108180265,-0.6366869152741909,1
136,0.4937327218114313,0.7716151716530655,-0.7387669892300981,0
137,-1.4373559748428044,-0.2590233692191095,-1.400252477269203,1
138,-0.04616725348469056,-0.49188628416424923,0.055594654458514615,1
139,1.265674760333151,0.02574596843036985,-0.9320683969735926,0
140,0.4813402597422803,-1.2825032619534602,-0.7057857921533602,1
141,-0.5148518945562496,0.20655279224210618,-1.051466607329441,1
142,-0.3968771892672913,1.091390051176524,-1.2173666064046673,0
143,0.45494537479000435,0.7369191176454861,-0.9273451677313722,0
144,-0.4857182411772296,-0.8691292574690458,0.4559443679176363,1
145,-0.5236668016310082,-0.8384567700432848,0.8091437366564643,2
146,-1.130117668310254,-0.23284742389831092,-0.9500345328714963,1
147,-1.1565673241749874,-0.20067661576527496,-0.7976581916026801,1
148,-1.7642195723461087,-1.178965374055076,-1.2142421723732246,1
149,-1.3885170195747436,-0.3706139475277737,-1.218442796615896,1
150,-1.18129973611346,-0.13425091434284775,-0.9696708289859743,1
151,-1.1471313706791664,-0.757229880467424,-0.4091997458468182,1
152,-1.154569918806806,-0.7114792391321066,-0.6949390815677458,1
153,-1.1720876042279607,-0.16549560238385963,-0.851314823810979,1
154,-0.5240510182274859,0.20535413567628627,-0.8908081853534315,1
155,-0.35305121080741575,0.6446191566941806,-1.1027731185802423,0
156,-0.35777081913472103,1.0798412295680788,-0.28260768916701895,0
157,-0.8470397427502803,-0.932626507984598,0.0270137604409879,1
158,-0.7214594733965042,-0.8789790819792155,0.18586304145312457,1
159,-0.006631069355264063,0.4525058549531714,-0.3861773457248189,0
160,-0.3865202559172634,1.1117123735596601,-0.09006674240420053,0
161,-1.8015972107325025,-1.0239801001445263,-0.4763421346404514,1
162,0.3328395299629084,-0.3689234862460087,0.3594501044958459,2
163,-0.39819683759551056,1.130670325924937,-0.02024184257930488,0
164,-0.7020824867545417,-0.9628265009836009,0.6420156328456231,1
165,0.4836068035725697,-1.3115411144369309,0.993615592033154,2
166,-0.32216537121608724,1.0361746733891168,-0.4736336733670176,0
167,0.4916971930923081,-1.262180939570324,0.4215140718471068,2
168,0.44463460328282356,0.7996822119741047,0.1604129395192845,0
169,-0.7720590042081618,-0.8143378015716886,0.45045111849675395,1
170,-0.3842031598106447,1.1895931315265245,-0.8102689812450399,0
171,-1.1904541348772606,0.003069504728971521,-0.5515304630679491,1
172,-0.20210604551253225,0.04545342682849704,0.5580216127953496,2
173,1.3058725057830978,0.06971286464750581,-0.4839140525013354,0
174,-1.159983103548599,-0.06578063749275476,-0.44942714465845396,1
175,-1.1684696026656916,-0.11844869435640851,0.37107913177345936,1
176,-1.7749394616649068,-1.0870668171166726,-0.1570937360277064,1
177,-1.18342035394138,-0.08477956551609771,0.3226324455722633,1
178,-1.1938148749987856,-0.06320551300462306,0.3158653274278891,1
179,1.2647538468659474,0.16246904661206635,-0.4313916427928134,0
180,-0.2566098724397855,0.16170321478164817,0.664739084307459,2
181,-1.1925935048294014,0.030393418656196658,-0.5367655824719827,1
182,0.318631726644437,-0.341586008484954,0.5698280665547215,2
183,-1.1333600285039345,-0.10277121216394224,-0.34818878367430084,1
184,-0.007116491841325784,0.5145919956008331,-0.4771170344137271,0
185,-1.1708500388778036,-0.014563788940450129,-0.2681195243407314,1
186,0.5119097988665279,-1.1973978216495678,-0.030907066287823266,2
187,-0.00821985668426029,-0.3615486536810525,0.24017382411437707,1
188,0.4705093917261065,-1.1315578846762213,0.07302258877979662,2
189,-1.1886831080628493,0.05276090490634198,-0.560625978206033,1
190,-0.39450056636256375,1.2392980955377244,-0.6237514149202145,0
191,1.2806243479554904,0.1530869574990167,-0.3458431723777062,0
192,1.3389421506316348,-1.7020745127651367,0.3167945180875736,2
193,-0.04737784142717662,0.5774081634919708,-0.3627674873319018,0
194,-0.044934038754391774,-0.26972057920130343,0.01975671010433852,1
195,-0.037017994392701835,0.5819302532814546,-0.5740104068161194,0
196,0.3575867001467426,-0.32258264695996147,0.009712923940151151,2
197,-0.3855830982040109,1.1579831221271946,0.008647226895150007,0
198,0.4941358512137982,0.7859445521435979,-0.07831599317552926,0
199,0.4732617147834562,-1.2032966635179407,0.6831086935783824,2
200,-1.409245118944147,1.408798663421798,0.28482926305166945,1
201,0.4549918933738501,0.8393897486466534,0.10745783544291497,0
202,-0.2021699807781513,-0.6552118382998332,0.23969632337513175,1
203,0.3868057374671907,0.8671897583079241,2.52578956654839,2
204,0.4701604353001226,0.9097253786589974,0.539485376392703,0
205,0.487351845961304,-1.0396617659862324,0.3026699301223013,2
206,0.5316345710110828,-1.13915726796606,0.4428000427187869,2
207,1.3027355642525262,0.23701598454747166,-0.1563182269547519,0
208,-1.1563376889634882,0.03189491638950601,0.40271562869160765,1
209,-1.436530794425494,-0.0928504108190965,0.3633601433341972,1
210,0.5322040997883681,-1.1406691525071646,0.4480099887258896,2
211,1.284950177304675,0.24580119148647336,0.04819978395954332,0
212,0.4792728957366871,0.885535226001325,0.6228445125063471,0
213,-0.19325158441248913,0.4731712676265359,2.99802061277407,2
214,-1.1359410613482834,-0.22948384680299586,2.588135409253333,2
215,-1.371690653329854,1.71797496182074,2.836027096577968,2
216,-0.45842946542168306,-0.33928557481443283,3.172127284559771,2
217,1.2826503963868658,0.24550152734501843,0.08836438945354573,0
218,1.3487682754756602,-1.681603944941583,1.3119764401975709,2
219,-0.740420271409626,2.2565597652300835,-0.21756892292271351,0
220,0.018032588726258014,-0.3257466121604053,0.3955187943402506,2
221,-0.6937265693868883,2.107125729039889,-0.06624423402220336,0
222,-0.008503730373147101,-0.3189646132508616,0.7919126936987201,2
223,-0.04019284358535095,0.619379311805422,0.07368751177753682,0
224,-0.06246844463677568,-0.1937670740722567,0.563213498981488,2
225,1.2884785460235364,0.18649168588802403,0.13081864180018682,0
226,0.5087349496738789,-1.159948763125601,0.616790852305833,2
227,-0.0026654395340235853,-0.3284435894335001,0.7570002437862721,2
228,1.3265465119590814,-1.6721713131128626,1.1861552481796527,2
229,-0.189302703377736,-0.5959161907905957,0.4492363554045927,2
230,1.3605083709718633,-1.6922606087508918,0.7964862573911058,2
231,1.3675525839236213,-1.781027000072388,1.5612713606910507,2
232,-1.4256318096775555,1.5205189463813402,0.49868712726960573,1
233,1.2252583682570724,0.33023950849589456,-0.09422777904721412,0
234,1.9476289333421986,-0.5100796922779878,-0.17492578895103933,0
235,-1.153652032361366,0.041568982238788306,-0.5501368492214487,1
236,0.5484556423741617,-1.1848868155349856,-0.029222773949910266,2
237,1.3559853632651564,-1.7150331930009435,0.847385799991892,2
238,-0.24730542833874114,-1.6098459285851223,0.26150164158500816,1
239,-0.20128814417389193,-1.5975054434501492,-0.6027948578174533,1
240,-1.093745369153589,-0.532345373547819,-0.633714323744436,1
241,-1.7516947725867404,-0.9348905639218065,-0.928593943000288,1
242,0.5094286711719581,-1.0609150605898598,-0.48848970961695165,1
243,-1.1362891408231275,-0.5735061059245044,0.4188474998068204,1
244,-1.1512398920988156,-0.5398369770841933,0.37040081360562416,1
245,-0.7798867724110211,-0.8769064364607337,-0.4169559672116551,1
246,-0.6516410983427928,2.101528947689578,-0.9354356343391894,0
247,0.5439845064714096,0.8595975814783385,-0.8458612650493921,0
248,1.3351592282833917,0.25272812434015973,-1.437735213329227,0
249,0.571456233252969,0.7538764458210234,-0.3427769500185171,0
250,0.5129352887710582,0.8911690613284645,-0.6131557127925715,0
251,-0.3164883433839539,1.4520373186392699,1.4950075682616486,0
252,0.538465046526619,1.065954457430048,-0.38729521708308634,0
253,-0.8130079539893786,-0.6029116386869477,-0.0954478971417437,1
254,0.6034804738596103,0.9430597904223559,-0.39063651630403073,0
255,0.1597684120555827,-0.4432310879251636,0.34811985288825265,2
256,-0.07462416266357222,0.4385632520864704,0.612655192369883,0
257,-0.07175485296847786,0.4373510316868209,0.5777005328829834,0
258,-0.30531911722267885,1.4183006143032424,-0.7873905802241832,0
259,0.5902383089157783,0.9721932656393534,-0.4234533644839187,0
260,0.46118404580796124,-0.20183351479460906,0.10732053645886769,0
261,-0.854266143665386,-0.7925190329554577,0.20001580351494738,1
262,-1.7037020604074429,-0.7816927841655276,-0.8915794106093378,1
263,1.4062648481479991,-1.529092404496378,0.5652212997378346,2
264,0.49625463897224076,-0.27008432873342536,0.12909464388035788,2
265,-0.03247884068082786,-0.56939831070976,-0.4316563632434926,1
266,1.4281235997715196,-1.5230719939996191,0.153155352783605,2
267,-0.06759276546244324,-0.5138419013826897,-0.33142169162015583,1
268,-0.6433575221608706,2.2384499169704806,-0.09882397551247413,0
269,-1.3521450319631443,-0.01210477688327082,-0.16453505525277187,1
270,1.4776399661625648,0.6230005993166264,0.4573752986640819,0
271,1.442586688187095,0.7688325070808522,-0.24443644210424537,0
272,0.6691236983025555,1.309084603449705,0.6659514805019533,0
273,1.8530930725516324,0.7215168666409904,2.850296060378122,2
274,0.18875242990547808,0.09567058352481102,1.1654010742009917,2
275,0.18979945491681371,0.9915601728017821,0.2911045675667093,0
276,1.4228912559847378,1.336242918911359,2.8307341242113218,2
277,-0.16702289028259784,1.4134835271842519,2.3117780077191408,2
278,1.4523380254468068,0.690938185280158,0.2801527152736848,0
279,0.1679633877906665,0.13881868854776044,1.1518668379122434,2
280,1.4563983819082127,0.7381871473227504,-0.20640964791725475,0
281,0.1455167298670349,1.09105567478161,0.1509744549702237,0
282,-0.21367442843468284,1.7529591706611938,0.08560360884482027,0
283,1.808738435551143,0.5546912041989046,1.1227869835770452,0
284,1.4886437831931467,-1.1049026836512292,1.4564604005592237,2
285,1.810469662596218,0.8035292999241543,3.4814299465547487,2
286,0.10232379113433546,1.174579992605879,0.7768983951397481,0
287,0.1349039617226525,0.9776708022532137,2.0069098575813857,2
288,1.4396161180427687,0.7056123608827005,1.0081799738527042,0
289,0.6210410591955334,1.2323845938406328,0.7187220420230515,0
290,0.0023539426572600636,-0.3070957696844659,0.6249798862683701,2
291,0.6256406210311515,1.2329839221235428,0.6383928310350467,0
292,0.5566384922571631,1.366461780918966,0.6052645082062719,0
293,1.4520149739881354,-0.9843097665731837,3.5408276631003868,2
294,0.4701246687488889,0.370597841472138,3.4465461605744543,2
295,-1.6941841823540646,-0.600267642521648,1.2869051326833885,1
296,-0.13399589327843142,-1.295639094632107,1.7362701690483215,2
297,-0.29395135437185266,1.4014937236299287,1.0646463700661373,0
298,1.4024774519620669,0.6709661138963162,-0.11872663648370876,0
299,-1.692192073377465,-0.6175949191428793,1.4817687366787498,1
300,1.7876732380164413,0.6527975125072812,3.1388020992816803,2
301,0.5692461309977063,1.3197985833254542,0.815884578946297,0
302,-0.2946145430228471,1.7194208299089002,0.3204530155400795,0
303,1.7577717354650648,0.720135770187903,3.0419087268792886,2
304,1.7905762468299156,0.3784626027639828,0.9178399629445629,0
305,1.7905762468299156,0.3784626027639828,0.9178399629445629,0
306,1.480798109889058,-1.2893035999084133,1.1622792394873505,2
307,0.10999839788322002,0.9549980629672793,0.536373866276174,0
308,-1.683885025771047,-0.5047627212175421,0.2996233212685687,1
309,1.4508966073376817,-1.2219653422277916,1.065385867084958,2
310,-0.6125331060724476,2.5049884474776327,0.9823470414720824,0
311,-0.2348322288242121,1.8254236592844737,2.979261664346087,2
312,0.1243589294775057,1.16352016340489,3.044632510471491,2
313,-0.7212535085533449,-0.19460350097372608,3.314932843989608,2
314,-1.7257942712372962,-0.5283937312177125,1.1743819222596876,1
315,-1.7119955857304419,-0.5265957463689828,0.9333942892956729,1
316,1.4393977027486364,-1.2234636629350664,1.26620889455497,2
317,-0.20366678201178953,-1.5069984094141657,1.215368396952127,2
318,0.421211523822719,-0.17607387459413776,0.9361843164840306,2
319,1.289102068195932,0.4151226335139084,0.463517912479562,0
320,-0.3763321993138678,1.5144222812665449,-0.06584006461561812,0
321,0.030024001946986196,0.7193677184006515,0.38372066177037645,0
322,-1.402001777087353,1.6096787523827014,1.6678068306578038,2
323,0.5742760948623912,-1.1424632000983366,1.8834427844683401,2
324,1.7191751059560338,0.16529173929936494,0.44231274234947465,0
325,-1.107026435115481,-0.08145035697941014,2.774442968960814,2
326,-0.12937204985946488,-0.44261772015452633,0.4474804396409911,2
327,-0.23641592844959194,-1.4321007290280212,1.0924252945142208,2
328,-0.1276548059332042,-0.40836282686513514,0.12309146098888102,1
329,1.306948101949929,0.4966129250120623,-0.543046510826397,0
330,-0.028495923846219583,0.0035920578449565982,0.6230426119100397,2
331,-0.05336800691980977,0.8462122745825768,0.6473744154209268,0
332,0.03130708125653252,-0.1310844575162868,0.8168293567148243,2
333,1.3357105469467343,0.4322984364136495,-0.4565730304382102,0
334,-0.38497910939662855,1.4341306463342105,0.7800659367143312,0
335,-0.40338170735895923,1.502967224722107,0.48234953684192694,0
336,-1.3876282809241158,1.967015838165258,2.87699459768186,2
337,-0.1643369581796867,0.6212047574501215,3.184328172481551,2
338,1.2943101398063133,0.49813837338699635,-0.35264337537059026,0
339,-1.0842190228419484,0.35636906010035047,1.0268220054213253,1
340,1.413380977199535,0.5680963032041555,-0.22022008963017808,0
341,1.4128114484222496,0.5696081877452599,-0.2254300356372809,0
342,-0.024682434964645616,-0.34050254603816105,0.53666698518731,2
343,1.4612306037978648,-1.323323268378848,0.9586824679313859,2
344,-0.3136125203367552,1.6838892768973612,0.1220661899912178,0
345,0.027906949369014215,0.13820483190347205,1.2156670561569909,2
346,1.3679591945951857,0.6706155742661923,-0.37077009424086926,0
347,1.3530084433194975,0.7042847031065032,-0.4192167804420654,0
348,-1.682093960970143,-0.5834423792520306,0.11477073200845532,1
349,-0.12427045023832314,-1.2981551024215638,0.7873135424346301,2
350,-0.06550465573337681,-0.23738394669321397,0.30578776958861414,1
351,1.3530084433194975,0.7042847031065032,-0.4192167804420654,0
352,1.7648929595855982,0.31136915895057277,0.6779463120522916,0
353,-0.031346079086387105,-0.365717234534159,0.434155770321487,2
354,-0.25761685787491334,1.5552291972473018,-0.10062736670772557,0
355,-0.7129542458807636,-0.5224655851619825,0.22034829830756578,1
356,1.442366112613763,0.5119094631409413,-0.6357660677408269,0
357,0.6183902551522376,1.142191649140814,0.29519237381934776,0
358,-1.196116127895592,-0.25211537706703163,-0.8930407380902384,1
359,-0.21788194396738123,-2.0460026764189125,-0.18979203691904314,1
360,0.4883869702035262,-1.4655812057004214,-0.4221884043874302,1
361,-0.17220230312573317,-0.9829015208519903,-0.5121321407774176,1
362,0.47457527648240877,-1.4349358459423198,-0.4602151985744207,1
363,0.49764086478722,0.5228690223313084,-0.9567825432102678,0
364,-0.08816851747248514,0.26501315031456363,-0.08229327279186542,0
365,1.6728930060031229,-0.33982461185051355,-0.7665695517401423,0
366,1.3648581294170523,-2.0382226104471814,-0.2884903995474548,2
367,1.2744776957181356,-0.03914878589591796,-1.7139020107290233,0
368,1.2445761931667594,0.028189471784703803,-1.8107953831314152,0
369,-0.14934558489451344,-1.7688748750308754,-0.6482558323982273,1
370,1.353191917761729,0.15293293992191373,-1.5555547928396989,0
371,-1.1553157922828459,-0.0554573061243974,-0.16348411383349434,1
372,0.5056660375336378,0.8593114628737504,-0.9081978756934403,0
373,-0.3427393538599462,1.2047110891581614,-1.166959638324119,0
374,1.3140912915391167,0.2190725410367155,-1.4917897432660816,0
375,1.3825238915358202,0.0871065667823966,-1.4638713664444094,0
376,1.353191917761729,0.15293293992191373,-1.5555547928396989,0
377,1.3019925347697134,0.17394835565196737,-0.8951534556073406,0
378,0.04994482481490783,-0.33589262926482216,-0.9517701470192961,1
379,1.323290415210353,0.22027119760253544,-1.652448165242091,0
380,-0.4187311150169347,0.22007866410246038,-0.8207649211584045,0
381,1.3830934203131053,0.08559468224129209,-1.4586614204373067,0
382,0.06952981194914502,-0.39505857212318163,-0.765642634177513,1
383,0.04923562490250503,0.44181377059147525,-0.7606356521322177,0
384,-0.8309515325357485,-0.9074031182197533,0.01613250521217056,1
385,1.353191917761729,0.15293293992191373,-1.5555547928396989,0
386,1.323290415210353,0.22027119760253544,-1.652448165242091,0
387,0.0073100392908392155,-0.3312082793454634,-0.2742240092028096,1
388,1.353191917761729,0.15293293992191373,-1.5555547928396989,0
389,1.323290415210353,0.22027119760253544,-1.652448165242091,0
390,-0.17853148517834264,-1.7908714796246714,-0.27262588214619293,1
391,0.04374807611476441,-0.39368313935677324,-0.6377674350338673,1
392,0.02657119894167601,-0.30248152082759344,-1.1690815009817201,1
393,-0.3517750888521112,1.193270548684438,-1.2190254730476227,0
394,1.3752184086841788,0.07747757499123241,-1.5613117526690181,0
395,-0.06229714051138432,-0.8389803610980614,-0.7382103423220143,1
396,-0.6775324978489254,-0.8738033441140272,-0.42371647781947014,1
397,-1.3446695474045793,1.3300009801525652,-0.38249192535654997,0
398,1.3831918115661728,0.056311191415769096,-1.4883725085695796,0
399,-0.6725673122166641,2.0512842781723566,-1.1412100314531437,0
400,-0.355701829537779,1.1605612080779515,1.6694957902718321,0
401,-0.10944917525625748,-0.7382726387185837,-0.8433857954316002,1
402,1.353078602325213,-1.6886073375581623,-0.11133831817505208,2
403,1.3778023566692805,-1.793823585893294,0.4006931358816608,2
404,1.3633994683622102,-1.768013543899961,0.4184607852099808,2
405,-0.09547609566492077,-0.4942678733653157,1.5732587883361644,2
406,0.04281373604774896,-0.10331484055144789,1.6084216834878748,2
407,1.3950278473388027,-1.5152798143357966,2.2549638767656552,2
408,1.3046247729266671,0.2304202608669035,-1.5134608593723105,0
409,0.48470061433214245,0.8691608619966632,-0.7290459643296572,0
410,-0.3245998002189709,1.0771869956467361,-0.43253953270952966,0
411,0.05721564945026865,-0.3761514295874712,-0.8133634803192558,1
412,1.3374942758789707,0.20700817162911095,-1.376360192143491,0
413,-0.3613063054377991,1.259998541265008,-0.9528103781410108,0
414,-1.15581288849638,-0.44398813918053437,-0.6857968363754791,1
415,-0.3629212318959457,0.9481189731504549,-0.22945680764336418,0
416,0.44427581800678534,-0.4326223912535177,-0.06085992150916394,2
417,-1.1305326135892901,-0.518272927449939,-0.4475698634626686,1
418,1.3397723909881116,0.20096063346469287,-1.3555204081150798,0
419,1.4175581941607487,-1.78389333809989,0.13828555947746843,2
420,1.43243280692823,-1.8994659822252564,1.0630218168603274,2
421,-0.10650915816896231,0.30633019368153597,-0.16200080610135506,0
422,-0.36073677666051385,1.2584866567239037,-0.947600432133908,0
423,1.3673957784303468,0.13966991394848915,-1.2794668197410985,0
424,-0.2219595633508085,-1.6850125844884527,0.20024503498172572,1
425,1.6992842051688863,-0.10134045402068584,0.15231621207597162,0
426,0.3967600421974312,-0.35937710006581586,-0.014525025670718016,2
427,-0.3978163607504937,0.9422577221378131,0.30651258608611226,0
428,-1.7526057839649998,-0.9744173828181497,-0.9597683405306249,1
429,1.3279184029289905,0.21079042847834703,-1.3432058483704545,0
430,-0.7077425447739231,2.164834627830556,-0.9617115605113102,0
431,-0.3708821783877795,1.2637807981142444,-0.9196560343679743,0
432,-0.7098340700912319,-0.8326991063750139,0.339860577459887,1
433,-0.7161638840673737,-0.8351099833404834,0.465564339948997,1
434,0.0798241283920794,-0.5655936598149549,0.1726176585503679,1
435,-1.1409235027355458,0.005982588295665883,-0.6287235167551878,1
436,-1.1930077982687375,-0.4501490543346311,-0.10966283715200026,1
437,-1.7186742483552908,-1.039644427674757,-0.9484141251233401,1
438,-0.16310718692394396,-1.7419624103739992,-0.3577154882479893,1
439,-0.12913010054375768,-0.7762749431799141,0.40982575773878727,2
440,-1.7526057839649998,-0.9744173828181497,-0.9597683405306249,1
441,-0.1430900202658149,-1.619291710822094,0.1705482891263941,1
442,1.3876273903956848,0.27215684468021867,-0.934501564084999,0
443,-0.14711139572974286,-1.582612376733404,-0.0839313705519168,1
444,-1.1295272733769623,0.1647332936533512,-0.2746101880711105,1
445,-0.3399356359178904,1.3894617029145286,-0.5974252304707058,0
446,1.3427544456645037,0.6138435759379683,1.3851802813126366,0
447,0.06506484970171357,0.5339588860721144,0.45175949912521723,0
448,1.3995874947186757,0.24040726931702372,-0.8250926979358413,0
449,0.08383243448024617,-0.20880963765953967,-0.396931253794112,1
450,1.3881969191729702,0.27064496013911415,-0.9292916180778963,0
451,1.740051389299038,0.0755121743287648,-0.14292905571391193,0
452,1.4154734682553425,0.21899377369921372,-1.3604674342098533,0
453,-1.0872999730189024,0.07941297837313992,-0.6573393180018714,1
454,1.4374429677662242,-1.6417668742918576,-0.02397858937237018,2
455,1.3360941772580697,0.2703684488797439,-0.5023152042075735,0
456,-1.6989822542483564,-0.9009869927406757,-0.9883841417773085,1
457,0.06682625851283962,-0.16096532211961204,-0.9682371825225546,0
458,-1.0979491873887415,-0.4686547435314625,-0.024198255837711864,1
459,-0.057690860476190334,-0.6664920108228639,-0.22433126061802322,1
460,-1.668954739607061,-0.7394129739831975,-0.9329768425848738,1
461,-1.056133400823036,0.2379632280484092,-0.5915121267952314,1
462,-0.30335992385757693,1.4515498087404342,-0.2106890917683745,0
463,-0.7844352214864612,-0.8509333813187756,0.45940690611190677,1
464,-1.0662391028441165,-0.2467296891836343,-0.5111899729259793,1
465,-0.12435172801040509,-1.4186450196298606,-0.35425526986099987,1
466,-0.21593788193244806,1.326816465382523,-0.5598820024140325,0
467,-0.07489991234772285,-1.5190530778678832,-0.28924442224541635,1
468,0.012992146463203772,0.3713636967841508,0.667528284052547,0
469,0.4825969561149856,0.8844992042753042,-0.007522431484830737,0
470,0.15205721642126918,-0.13466714700628715,-0.6387139275373307,0
471,-1.001519285009795,0.0025468136652194227,0.7106891022782963,1
472,1.4403318922837347,0.3814803487148867,-1.2299408700365169,0
473,1.4473506405189283,-1.4456111704358743,0.05810128859977033,2
474,-0.6218350511155111,2.387444296195217,-0.8530758890147353,0
475,0.6393451864058951,0.9759686292166041,-0.36060966674294775,0
476,1.8237964512930345,0.11447365160060198,-0.33105509724883175,0
477,0.15205721642126918,-0.13466714700628715,-0.6387139275373307,0
478,0.10129199804596793,0.7710553379300962,-0.7358102639015305,0
479,-0.11661560913196384,0.43072827536930375,-0.0037885482586588236,0
480,1.3882832662118376,0.43699526705786557,-1.1263543654976798,0
481,-0.5959917087072277,-0.6335572216899669,-0.08284949287128601,1
482,0.1362399068768901,-0.14407960937846045,-0.5639378130852116,0
483,-0.09413439455581359,-1.5193942329934291,-0.24572798383591365,1
484,0.6166371917024936,1.0044477213327705,-0.5053585524822397,0
485,1.7918893329183967,0.14175408715094853,-0.3151455610121142,0
486,0.08604421727887414,0.7601309910168184,-0.6558242034423085,0
487,1.4331355200389018,0.3359878805369329,-0.9810143068940915,0
488,-0.6069557585419189,-0.6104712846373876,-0.09482655702276287,1
489,-1.068288050284714,-0.29948191592565554,-0.27637828524204267,1
490,-0.01354882942482489,-0.5365309628996032,-0.3982776807669093,1
491,0.13453132054503428,-0.13954395575514691,-0.5795676511065198,0
492,-0.09356486577852831,-1.5209061175345338,-0.2405180378288109,1
493,0.08490515972430358,0.7631547600990274,-0.666244095456514,0
494,-0.22886421597306483,1.3225389849165734,-0.5810649369712265,0
495,0.17882695055159278,0.03417069291081206,-0.14028057207717134,0
496,0.17882695055159278,0.03417069291081206,-0.14028057207717134,0
497,-0.050408293326540426,-1.3441676997863656,0.188349149186332,1
498,0.6516789271253586,-0.8102878580330009,0.4685226653699464,2
499,0.12920078973086205,0.9368694087649861,-0.22695701642716568,0
500,-1.6531490553114285,-0.5474891970135192,-0.4465205512761914,1
501,0.4927995981872908,0.07662239298544199,0.46746308754109883,0
502,1.4728315882098422,0.509103200919982,-0.4613980168767381,0
503,-1.020151534807213,0.37555637992449653,0.025277233839923495,1
504,-1.5967632228723878,-0.6730944051281353,-0.28399348251402334,1
505,-0.2989827827315571,1.4289842689297345,0.9511513462608239,0
506,-0.5922669443362524,2.5357752983334434,0.4270413572327427,0
507,1.891595849357451,-0.04895408000303817,1.5054973909901321,2
508,-1.1725033653897479,-0.8549878539398236,1.0100272623472168,1
509,0.04732709733213094,0.12215087727674538,0.36684653965550285,2
510,1.9306834673657995,-0.08265033651100831,1.1627179142655095,2
511,0.05811680200877353,0.9013555978403179,0.3571580070725689,0
512,-0.1485114656906476,-1.3459988180368936,0.9196305679477794,2
513,1.9358612155731083,-0.044772345856498176,0.7475798326111892,0
514,0.016146866091066817,0.968707419354769,0.455877716133086,0
515,-1.0906659937520164,0.3385306844587237,0.6146022033467606,1
516,-0.3423941117739195,1.345127153562213,0.8556857973827353,0
517,-0.3452417556603459,1.3526865762677358,0.8296360673472216,0
518,-1.0895269361974458,0.33550691537651456,0.6250220953609662,1
519,-0.3354947690204923,1.3460261459865779,0.735191980900728,0
520,1.3678247224724496,0.5776069817646257,-0.2286560254577067,0
521,0.07721699966907285,-0.1948000896867839,1.9387060988185403,2
522,0.046048368642442924,0.9013691616741474,0.5527710885354783,0
523,-0.4021927662568134,1.4085697774039199,1.2809322964023742,0
524,-1.144134834258768,0.4043841852659001,0.9141449398772897,1
525,-0.41714351753250145,1.442238906244231,1.2324856102011779,0
526,-1.164845870733313,0.43413055259963695,0.9966119621723064,1
527,-0.40409831030621446,0.6447527059451721,0.5061338462235878,0
528,-1.136302372265303,-0.9650529838735535,1.3822400784563311,2
529,0.44065741380174545,-0.0743776300868054,1.755527663116173,2
530,-1.0487167487384268,0.5118582076810893,2.980904398287468,2
531,-1.1130942741528218,0.3340221585030694,1.0214582042938876,1
532,1.36104937650002,0.541986552801622,0.011615835259575484,0
533,-0.15588235686888885,-1.3152206732451295,0.596663628355949,2
534,-1.143304150324836,-0.1825465216984726,1.5532529287901873,2
535,1.3322955890976194,0.6450915883127393,-0.41487646180202986,0
536,-0.18177979914514672,-1.3621428434786074,1.4342875489787048,2
537,0.5508591963310856,1.206510068257056,0.42257221670473044,0
538,-1.2120928552259842,-0.834752209434302,1.3103691891938332,1
539,-1.1388677632933937,0.43363688168273024,0.40077486482965263,1
540,-0.6401668466474986,2.4490407627512045,0.2526686364269286,0
541,0.05362822873988967,0.898478177625601,0.27825083514484356,0
542,-0.20589935068899823,-1.2845346219855387,1.1454760785576859,2
543,-1.1451845690552727,0.39878266011042907,0.8054930544697675,1
544,1.3920985942003714,0.5104150729514959,-0.22108971699724533,0
545,-0.13463211502013175,-1.3916166743385485,0.9204297582638664,2
546,-0.18407958006295583,-1.3624425076200626,1.4744521544727074,2
547,-1.0951545670209004,0.3356532642440067,0.5356950314190354,1
548,0.08407856916443401,1.0703073801406915,2.8453760575555616,2
549,0.5721407364874663,1.4222783634249048,2.749332654895627,2
550,0.3982375952678927,0.03099853094964819,1.349782226580438,2
551,1.7324421264276815,0.5932538580833934,2.891098960164555,2
552,-1.1400068208479643,0.4366606507649393,0.3903549728154471,1
553,-0.38483559611644036,1.4441561122927933,0.5109447503694141,0
554,-0.6148345825286677,2.426240926006251,0.02886801362149376,0
555,1.3151249886850311,0.3927538024289971,0.3159048158123838,0
556,0.007877167394244544,0.8000230456999606,0.09450469951834464,0
557,-1.154717322087663,0.2678434920764682,0.313922101605546,1
558,-1.8158384107655363,-0.6445917654061566,0.19688085736553046,1
559,-1.184618824639039,0.33518174975708986,0.21702872920315364,1
560,-1.154717322087663,0.2678434920764682,0.313922101605546,1
561,-0.735926244218848,2.42006222899786,0.27771613432874864,0
562,-0.7627328662858196,-0.4334647099598732,0.7272380015698144,1
563,1.6556278642628708,0.3117870035720207,0.2570264351650627,0
564,-1.6189811923946624,1.97112144605061,0.2184285598799849,1
565,-1.762443225279193,-0.768277420043657,0.4203701060756602,1
566,-1.14033609958926,0.2356862477772618,0.3571588417996394,1
567,-1.169668073363351,0.301512620916779,0.2654754154043497,1
568,-1.125385348313572,0.20201711893695098,0.4056055280008353,1
569,0.5773140289664874,-1.089077247234357,0.9331905330276384,2
570,-1.7457521066063884,-1.2186851532157477,-0.4821561175089303,1
571,-1.7951605906517345,-1.105582690365979,-0.6691757441693404,1
572,-0.7321997304888247,-0.869380053671488,-0.5382846340236171,1
573,-0.7471504817645126,-0.835710924831177,-0.5867313202248134,1
574,-1.75541243001157,-1.1866359137110978,-0.6317295891520905,1
575,-0.7172489792131367,-0.9030491825117987,-0.48983794782242107,1
576,1.8591950485647017,-0.5649275874849903,0.01071893519210482,0
577,-0.762679419411891,-0.8393204583624664,-0.30036913575969365,1
578,-1.7237850259395284,-1.1809287311896235,-1.1992440120752272,1
579,0.5073762684616482,-1.3298904686142103,-0.05398673870261903,2
580,-1.7536865284909045,-1.1135904735090016,-1.2961373844776194,1
581,1.3153387538140402,0.0701190170802203,-1.4787518648474365,0
582,0.47986399176346967,0.6989028823728178,-0.34697039581725014,0
583,1.3003880025383523,0.10378814592053115,-1.527198551048633,0
584,1.284867722485379,0.13896915930194648,-1.5808551832569313,0
585,1.323518515941723,0.07278861568093456,-0.9447320513403259,0
586,-1.1177043529004362,-0.12207605249841375,-0.7732293751755017,1
587,0.3624499950643828,-0.4688312020953113,0.6270742156304366,2
588,1.3373475248516502,0.11972434974824225,-1.5867428905001717,0
589,-1.136106950862767,-0.0532394741105171,-1.0709457750479061,1
590,1.322396773575962,0.15339347858855304,-1.6351895767013678,0
591,-1.7460589799516975,-1.0318278965417735,-1.4473651503244487,1
592,-0.07356347203119805,-1.0821740548161334,-0.7557015405951781,1
593,1.3074460223002744,0.18706260742886388,-1.6836362629025639,0
594,-1.5980363662290265,1.624242001704121,-0.9885938846388777,1
595,1.3672490274030262,0.052386092067620536,-1.48984951809778,0
596,-1.1516532036989546,-0.134430101467216,-0.10454595723594932,1
597,1.3379170536289353,0.11821246520713773,-1.581532944493069,0
598,1.3229663023532474,0.15188159404744853,-1.629979630694265,0
599,-1.1430062936161942,-0.05413846653488204,-0.9504519585658988,1
600,-1.7782559128010242,-1.0360231945221432,-0.8850606734084143,1
601,-0.7291717437852356,-0.7882168049871696,-0.6091831888824412,1
602,1.3080155510775595,0.1855507228877594,-1.678426316895461,0
603,-1.6434668064277809,1.6879707258534538,-0.7991250725761502,1
604,-1.7311082286760096,-1.0654970253820841,-1.3989184641232524,1
605,1.3373475248516502,0.11972434974824225,-1.5867428905001717,0
606,1.2936170133903468,0.14012687336155627,-1.0416254237427183,0
607,1.3074460223002744,0.18706260742886388,-1.6836362629025639,0
608,0.5592951996450389,-1.3088328467141053,-0.4051032086263809,1
609,-1.1230620666390623,-1.410894794896419,-0.799978680494594,1
610,1.3672490274030262,0.052386092067620536,-1.48984951809778,0
611,-1.1401196250869783,-0.1590279230608997,-0.08735894707736969,1
612,1.352298276127338,0.08605522090793137,-1.538296204298976,0
613,0.4245787538681586,-0.4868364125769854,-0.23936009507903688,1
614,-1.1136743198421035,-0.1199648396743993,-0.8587685321706092,1
615,1.3373475248516502,0.11972434974824225,-1.5867428905001717,0
616,1.322396773575962,0.15339347858855304,-1.6351895767013678,0
617,-1.1834346005190997,-1.2747063949940711,-0.9989753713064813,1
618,1.3775415574683068,0.06987829236607095,-1.6312454859593142,0
619,0.4498220352091272,-0.5030133411188459,-0.33230937673937533,1
620,0.13118619266632447,-0.6659037003319667,-0.500815347213016,1
621,0.44004037454634254,-0.4702567685367295,-0.4558753279214736,1
622,0.16336767745890193,-0.8345947491512744,0.5892086389832148,2
623,1.3476400549169307,0.1372165500466927,-1.7281388583617063,0
624,-1.1286837304925808,-0.03453505341241715,-1.1773870834225408,1
625,1.3332588324185277,0.169373794345899,-1.7713755985557997,0
626,-1.1332832923281988,-0.03513438169532714,-1.0970578724345361,1
627,-1.75014767238482,-0.9821784519441165,-1.631997858380076,1
628,-1.1127695365737817,-1.3934025945979687,-0.9413746483561286,1
629,-0.6449422227167784,1.9757474095836636,-1.0339211813530427,0
630,1.3338110460070036,0.09028081597938498,-1.0861280192018605,0
631,1.3476400549169307,0.1372165500466927,-1.7281388583617063,0
632,1.3332588324185277,0.169373794345899,-1.7713755985557997,0
633,-1.750717201162105,-0.980666567403012,-1.637207804387179,1
634,1.3395843394201232,0.06176023287912729,-0.9380273005470683,0
635,0.42682422603103654,-0.5060099825333956,0.06933667820064877,2
636,1.378111086245592,0.06836640782496642,-1.6260355399522113,0
637,-1.1264099223579862,-0.15060703000907633,-0.19749523889628792,1
638,1.3625908061926189,0.10354742120638177,-1.67969217216051,0
639,0.535732630821736,0.7674851722127355,-0.9927934982644416,0
640,0.1156659126133511,-0.6307226869505512,-0.554471979421315,1
641,1.3476400549169307,0.1372165500466927,-1.7281388583617063,0
642,0.40553931015934835,-0.40351783913901795,-0.47243948933586105,1
643,1.3332588324185277,0.169373794345899,-1.7713755985557997,0
644,-1.759916324833341,-0.9818652239688319,-1.4765493824111693,1
645,1.3183080811428398,0.20304292318620984,-1.8198222847569958,0
646,1.3489525316514326,0.129373014426332,-1.4641042640945316,0
647,0.8464146552072384,-1.0731990073761086,-0.1994333173193942,2
648,0.5087020995951834,-1.2289866869524244,0.1479496532315491,2
649,1.3340017803757445,0.1630421432666429,-1.512550950295728,0
650,1.3190510291000566,0.19671127210695374,-1.560997636496924,0
651,-1.7373189322271512,-1.0922009029835704,-0.6707386206074848,1
652,0.596901969002791,0.5811448197813143,-0.024708925145300188,0
653,-0.39116780514631244,0.9642314439045411,-0.4766558136564828,0
654,-1.0732352751883085,0.09238374254797775,0.3530242770205007,1
655,-0.13798008988036703,-1.5930447523720046,0.7785464581035267,2
656,-0.6205170123296432,2.250609326132299,-0.2908607186734355,0
657,0.4535145433130497,-0.204752259542347,0.5542224977576616,2
658,-0.4498877695089706,0.5423535866422967,0.019509499049926902,0
659,-1.7113412394992817,-0.7394737796946879,-0.8457006555063757,1
660,-0.3330667909442133,1.0820633813916918,0.8871949640915171,0
661,-0.6507494646547315,-0.632636852491512,0.4674202891984323,1
662,1.4567070796127937,-1.5845709171566362,0.510242534473268,2
663,-0.6147350613221185,2.260879289944746,-0.48277881669206146,0
664,-0.17129876509545475,-1.5166351874447557,0.6503934096585183,2
665,-0.07810125424937632,-0.47041067651220037,-0.2505882770302941,1
666,-1.7113412394992817,-0.7394737796946879,-0.8457006555063757,1
667,-1.0594365896814542,0.09418172739670759,0.11203664405648633,1
668,-1.1090423544469283,-1.1212376553224284,0.1631672637695002,1
669,-1.7113412394992817,-0.7394737796946879,-0.8457006555063757,1
670,0.6003427540735965,-1.0140678529015505,0.07085752370258148,2
671,-1.1042888435085183,0.19518911391764016,-0.03330341454710206,1
672,1.405538020023851,-1.5184177522080051,0.7696206655097949,2
673,-1.7113412394992817,-0.7394737796946879,-0.8457006555063757,1
674,-0.07599674769976086,-0.7633148837446508,-0.454083956747624,1
675,-0.07182047578785115,-1.0532638781753865,-0.03928801624250706,1
676,-1.1546637620393292,-1.2406883641147606,-0.769747058888942,1
677,-0.2330272967069243,-1.6769740921399774,0.3386501421315113,1
678,1.6995615779007527,-0.011344373707604532,-0.5288495989176346,0
679,-1.7868554484033423,-0.9340540138454709,-0.6374418629183628,1
680,0.007528155982347491,0.5763871704001632,-0.8315014471608384,0
681,-0.09542248776615805,-1.0286524927478733,0.1391380550618226,1
682,-0.10005149428124223,0.22941705142053267,0.5039389644030963,2
683,-0.09197499169937363,-0.9925860507759225,-0.23062547509139283,1
684,-1.7690397380524183,-0.897701471565895,-1.2429830800284902,1
685,1.41338980355806,-1.7749558533270497,0.1561968501452468,2
686,1.357612524539094,-1.748192563574033,0.8359230088431969,2
687,-0.1732199846296255,-1.7016261690689796,-0.4266151735615461,1
688,1.4254375460202735,-1.5342900724240625,2.425605672683562,2
689,-1.7391382355010423,-0.9650397292465167,-1.146089707626098,1
690,-1.347438803876645,1.6557032097970454,2.099619001219536,2
691,-0.7538697458122173,-0.6883452733006824,-0.0804121399343731,1
692,0.5412582164761368,-1.2778815479678571,0.6742223085862276,2
693,-1.1627411433448045,-1.3224918835881991,0.08136888844811009,1
694,0.012097394414892822,0.5318487494644953,-0.5108074519530112,0
695,-0.7337802273266988,-0.7680647076177655,0.29393848748175283,1
696,-1.179781386603911,0.006956082072729997,0.1139509885184972,1
697,-1.1801184361764703,-0.47805006313459825,0.03882466641884231,1
698,-1.1811134179040625,-1.2085175559817245,-0.6173707176201261,1
699,0.007528155982347491,0.5763871704001632,-0.8315014471608384,0
700,-1.7690397380524183,-0.897701471565895,-1.2429830800284902,1
701,-0.6908621306208006,2.0551165357233208,-0.15772119106632485,0
702,0.515055542101156,-1.1371009675575128,-0.1844684515649223,2
703,-0.7291850161109389,-0.6962314878153192,-0.4054239673306755,1
704,0.4586740602819737,-1.082729650962433,0.2720377234973333,2
705,-1.1395200370180603,-0.05586008581840772,-0.000398558563328033,1
706,0.8107670249344782,-0.9434520637643857,0.959683435201617,2
707,-1.73330510873973,-0.887637661988681,-0.8082434593018356,1
708,-0.2134215008672838,-1.5328873508197485,-0.12252009681025094,1
709,-0.22031649300085274,-1.60502023476365,0.6170069634961798,2
710,-1.383007059160305,1.5519186669855378,0.1373773901326076,1
711,1.377131657144063,-1.6294946314772967,0.618770327991088,2
712,-1.657188607509073,1.9292184577532447,-0.565655894586732,1
713,-1.7637761400683913,-0.8187875197669547,-0.9103467777113307,1
714,0.42109520577329385,0.9757416406069882,2.5472781963125315,2
715,-0.8131271785842048,-0.7443131269360804,2.3351042239555113,2
716,1.3651715528210722,-1.5977450561141013,0.5093614618419303,2
717,-1.7810223216420302,-0.8566519465876353,-0.2995956145941008,1
718,0.01279175396637451,0.6553011221991034,-0.49886514484367883,0
719,-1.7071849324007382,-1.013846173171782,-0.5698015341011612,1
720,-0.13035031393182425,-1.7149790631390334,-0.3353744006647293,1
721,-1.6069229068430149,1.8417733658151898,-1.0584589489852947,1
722,-0.22981912341461577,-1.5838849536414203,0.14842720192142433,1
723,-0.19474853025033628,-1.6521357675802364,0.17020130934291455,1
724,-1.5948197994537532,1.8156636596804017,-1.0360619928196122,1
725,1.7637654741359254,0.13580748994811206,-0.42159784040359344,0
726,-1.5993873668124978,2.0004801386922306,-0.8014603304040556,1
727,0.15344822484406703,-0.48875644923702904,0.8591248403108804,2
728,-0.09007863567776778,-1.5987266260413053,-0.23444710679658964,1
729,0.2022846966243302,-0.6244183890004248,1.3941921069051921,2
730,-0.38594849568785344,0.44849386352602494,-0.4725898919165427,0
731,-0.13261810037275976,-1.5298629199857496,-0.14093734374317526,1
732,-0.6197849080607267,2.2680540810170657,-0.7289921033363013,0
733,-1.073655236688226,0.14529561112178555,-0.37454142680757535,1
734,-0.27859098111820624,0.9820724655586596,0.6687734255455944,0
735,0.5781448282911427,0.9551884874277453,-0.060549095716082815,0
736,-0.05204119283617589,-0.5857901968046283,0.0465317759992477,1
737,0.7836003488020779,0.398505248929734,0.026494422782798094,0
738,1.1906227564150949,0.5509241988957546,0.08748021360892215,0
739,0.09355818175585004,-0.825489663620362,0.47005053166587624,2
