,F_1,F_2,ID,Social smoker,Social drinker,Absenteeism time in hours,Label
0,0.5595983464541792,-0.31121718916235613,11,0,1,4,2
1,1.748176950187149,0.049736305002682064,36,0,1,0,0
2,0.8406418815570399,-0.7093031465849484,3,0,1,2,2
3,-0.4948146293498739,-0.9237959539771715,7,1,1,4,2
4,0.5582951493657842,-0.37517508307151004,11,0,1,2,2
5,0.8406418815570399,-0.7093031465849484,3,0,1,2,2
6,-0.2887373757800371,-0.14372655829466693,10,0,1,8,2
7,-0.8294504686611387,-0.8876505711647145,20,0,1,4,0
8,0.48069346477772096,3.686289276491864,14,0,1,40,2
9,0.5848329632508542,-0.2338013837056877,1,0,0,8,2
10,-0.8268440744843486,-0.7597347833464068,20,0,1,8,0
11,-0.8268440744843486,-0.7597347833464068,20,0,1,8,0
12,-0.8268440744843486,-0.7597347833464068,20,0,1,8,0
13,0.8399902830128424,-0.7412820935395255,3,0,1,1,2
14,0.8419450786454351,-0.6453452526757946,3,0,1,4,2
15,-0.515008660996395,-0.5853377433703069,24,0,1,8,0
16,0.8406418815570399,-0.7093031465849484,3,0,1,2,2
17,0.8445514728222251,-0.5174294648574868,3,0,1,8,2
18,-0.6475619161981301,-0.8396471888108238,6,0,0,8,2
19,1.263734314280112,-1.7574624557708225,33,0,0,2,0
20,-0.23763290005452223,0.7669778828773786,18,0,0,8,2
21,0.8824948067961016,-1.04345604884377,3,0,1,1,2
22,-0.22538169858245663,0.5774257889475507,10,0,1,40,2
23,-0.7869459448778796,-1.189824526468959,20,0,1,4,0
24,0.6047092644142286,-0.485475356648293,11,0,1,8,2
25,-0.24688445054097555,-0.4778794605534887,10,0,1,7,2
26,0.6001480746048458,-0.7093279853303317,11,0,1,1,2
27,-0.7581502058023044,0.93681110278206,30,1,1,4,0
28,0.6047092644142286,-0.485475356648293,11,0,1,8,2
29,0.8831464053402991,-1.011477101889193,3,0,1,2,2
30,0.8870559966054843,-0.8196034201617313,3,0,1,8,2
31,1.4621704065892356,-1.8062286818016193,2,1,0,8,2
32,0.6247310928573232,-0.6638911268282404,1,0,0,4,2
33,1.4621704065892356,-1.8062286818016193,2,1,0,8,2
34,0.8831464053402991,-1.011477101889193,3,0,1,2,2
35,-0.25079404180616083,-0.6697531422809503,10,0,1,1,2
36,0.6047092644142286,-0.485475356648293,11,0,1,8,2
37,-0.9651000517262369,-1.0230491263323622,19,0,1,4,0
38,1.4621704065892356,-1.8062286818016193,2,1,0,8,2
39,-0.7869459448778796,-1.189824526468959,20,0,1,4,0
40,-1.6815639849711446,-0.9421816779232199,27,0,0,2,0
41,0.319170363903932,-0.37534349274378986,34,0,0,4,0
42,0.8395163931291458,-0.6280791961875597,3,0,1,4,2
43,2.289979735305263,-0.906925827769857,5,0,1,8,2
44,0.45350403458192506,2.488355348706175,14,0,1,2,2
45,0.3185187653597345,-0.40732243969836684,34,0,0,3,0
46,0.8388647945849482,-0.6600581431421366,3,0,1,3,2
47,-0.16807965894819435,-0.5590919300354007,15,0,1,4,2
48,-0.8292727600006379,-0.7424687268581717,20,0,1,8,0
49,-0.14983489971066316,0.336318584692754,15,0,1,32,2
50,-0.8344855483542182,-0.9983003024947873,20,0,1,0,0
51,-0.9701227074469906,-0.7563980696293608,29,0,0,0,0
52,-0.9688195103585956,-0.692440175720207,28,0,0,2,0
53,0.31786716681553695,-0.43930138665294377,34,0,0,2,0
54,0.5545632667610997,-0.42186692049242897,11,0,1,0,2
55,1.74574826467086,0.06700236149091693,36,0,1,0,0
56,-0.968167911814398,-0.66046122876563,28,0,0,3,0
57,0.8388647945849482,-0.6600581431421366,3,0,1,3,2
58,-0.7006320385111958,-0.817170302809008,13,0,1,0,2
59,1.218149506436366,-1.47000139093292,33,0,0,1,0
60,0.8388647945849482,-0.6600581431421366,3,0,1,3,2
61,-0.831879154177428,-0.8703845146764795,20,0,1,4,0
62,0.8237152052744421,-0.5523563995222361,3,0,1,3,2
63,0.30336917604922836,-0.29962069607846625,34,0,0,3,0
64,1.7305986753603537,0.1747041051108174,36,0,1,0,0
65,-1.789350521150101,-0.4312370656296836,22,0,0,1,0
66,0.8237152052744421,-0.5523563995222361,3,0,1,3,2
67,-0.9833175011249041,-0.5527594851457296,28,0,0,3,0
68,0.30336917604922836,-0.29962069607846625,34,0,0,3,0
69,-0.9839690996691016,-0.5847384321003066,28,0,0,2,0
70,1.2036515156700576,-1.3303207003584425,33,0,0,2,0
71,-0.18257764971450294,-0.4194112394609233,15,0,1,5,2
72,0.8269731979954297,-0.39246166474935135,3,0,1,8,2
73,-0.9833175011249041,-0.5527594851457296,28,0,0,3,0
74,-0.8392095609575636,-0.37893540760165567,20,0,1,16,0
75,-0.1806228540819103,-0.3234743985971924,15,0,1,8,2
76,-0.9839690996691016,-0.5847384321003066,28,0,0,2,0
77,0.544626465804174,-0.05833360123591292,11,0,1,8,2
78,-0.3108768404162154,-0.2426113868685702,10,0,1,1,2
79,-0.8476803420321316,-0.794661718011156,20,0,1,3,0
80,0.7555915658856415,-0.14127315550326125,3,0,1,1,2
81,-1.0514411405137047,-0.14167624112675475,28,0,0,1,0
82,0.7601527556950242,0.08257947317877741,3,0,1,8,2
83,-0.8738468092673342,0.010229212192621831,17,1,0,8,2
84,-0.2493980920149085,0.055629898467205535,15,0,1,5,2
85,0.39108195929693956,4.030466638891513,14,0,1,32,2
86,-0.7319606333253312,-0.23963825077455958,6,0,0,8,2
87,-0.22659214296799451,1.1748930418773988,15,0,1,40,2
88,-1.0514411405137047,-0.14167624112675475,28,0,0,1,0
89,0.37544359423619855,3.2629719119816656,14,0,1,8,2
90,-1.0501379434253095,-0.07771834721760083,28,0,0,3,0
91,-0.8738468092673342,0.010229212192621831,17,1,0,8,2
92,-1.0501379434253095,-0.07771834721760083,28,0,0,3,0
93,-0.9138491857883396,-0.2876416331284503,20,0,1,4,0
94,1.1361794748254543,-0.8872585093848906,33,0,0,1,0
95,-1.0501379434253095,-0.07771834721760083,28,0,0,3,0
96,0.4882316002109291,0.9283706879654471,11,0,1,24,2
97,-0.25070128910330364,-0.008327995441948371,15,0,1,3,2
98,1.193091840573714,-1.2918609642098715,33,0,0,1,0
99,0.33320861069313257,1.7215337512538755,34,0,0,64,1
100,1.7219937958966023,0.30910068212311903,36,0,1,2,0
101,0.5573466118719128,-0.038394900494404714,1,0,0,8,2
102,-0.9938771762212476,-0.5142997489971589,28,0,0,2,0
103,-0.8543304258632901,-0.5643283001351236,20,0,1,8,0
104,0.3279958223395522,1.4657021756172601,34,0,0,56,1
105,-0.3162237271589785,0.05167992491661607,10,0,1,8,2
106,-0.9932255776770499,-0.4823208020425819,28,0,0,3,0
107,-0.8575884185842776,-0.7242230349080084,20,0,1,3,0
108,-0.9938771762212476,-0.5142997489971589,28,0,0,2,0
109,-0.3162237271589785,0.05167992491661607,10,0,1,8,2
110,0.2928095009528849,-0.2611609599298955,34,0,0,2,0
111,-0.5424950123753363,-0.3899312601590239,24,0,1,8,0
112,-0.9938771762212476,-0.5142997489971589,28,0,0,2,0
113,-1.0542817674859308,-0.12148160273676933,28,0,0,1,0
114,0.2324049096882017,0.13165718633049397,34,0,0,1,0
115,0.2324049096882017,0.13165718633049397,34,0,0,1,0
116,0.3726029672639726,3.283166550371651,14,0,1,8,2
117,-1.0536301689417333,-0.08950265578219237,28,0,0,2,0
118,-1.7663746435542822,-0.33924415798520496,27,0,0,2,0
119,-1.0536301689417333,-0.08950265578219237,28,0,0,2,0
120,-1.0542817674859308,-0.12148160273676933,28,0,0,1,0
121,0.23305650823239923,0.16363613328507093,34,0,0,2,0
122,-1.0536301689417333,-0.08950265578219237,28,0,0,2,0
123,0.23305650823239923,0.16363613328507093,34,0,0,2,0
124,0.23305650823239923,0.16363613328507093,34,0,0,2,0
125,0.23305650823239923,0.16363613328507093,34,0,0,2,0
126,0.23305650823239923,0.16363613328507093,34,0,0,2,0
127,0.23305650823239923,0.16363613328507093,34,0,0,2,0
128,0.23305650823239923,0.16363613328507093,34,0,0,2,0
129,-1.8544504006133502,0.2878513393704695,22,0,0,8,0
130,0.4749653965315424,0.43690217508220125,11,0,1,8,2
131,0.23305650823239923,0.16363613328507093,34,0,0,2,0
132,-1.7663746435542822,-0.33924415798520496,27,0,0,2,0
133,0.23305650823239923,0.16363613328507093,34,0,0,2,0
134,0.23175331114400416,0.09967823937591702,34,0,0,0,0
135,-1.0542817674859308,-0.12148160273676933,28,0,0,1,0
136,0.47170740381055465,0.2770074403093164,11,0,1,3,2
137,-1.7594343885179042,-0.4251952523806332,27,0,0,1,0
138,-0.5946561515152462,-0.01910631438490862,24,0,1,8,0
139,0.7649039823033738,0.048801964127911594,3,0,1,8,2
140,0.37628522957936295,3.037320721203338,14,0,1,2,2
141,-0.7272094067169815,-0.2734157598254255,6,0,0,8,2
142,-0.9104011562683851,-0.38537703608847007,20,0,1,2,0
143,0.48255725011211803,0.38293002764135,11,0,1,8,2
144,0.2727932178855335,0.8156271930552265,31,0,0,8,0
145,0.2727932178855335,0.8156271930552265,31,0,0,8,0
146,-1.0460383153611577,-0.14347480322304365,28,0,0,2,0
147,-1.0460383153611577,-0.14347480322304365,28,0,0,2,0
148,-1.8514197368421572,0.01002656324757946,22,0,0,1,0
149,-1.7548731987085218,-0.20134262369859454,27,0,0,8,0
150,-1.0453867168169602,-0.11149585626846671,28,0,0,3,0
151,-0.3597849143566327,1.6353832671670216,18,0,0,8,2
152,-0.3643461041660154,1.411530638484983,18,0,0,1,0
153,-1.0466899139053552,-0.1754537501776206,28,0,0,1,0
154,-0.7272094067169815,-0.2734157598254255,6,0,0,8,2
155,-1.1399443279327959,0.14673446460147682,19,0,1,2,0
156,-0.9578806298192531,0.1718327461923414,20,0,1,8,0
157,-0.9323428834646657,2.138573640670476,30,1,1,3,0
158,-0.920484647475038,0.3417878036951058,17,1,0,8,2
159,-0.2940811345900195,0.48312533083342024,15,0,1,8,2
160,-0.9578806298192531,0.1718327461923414,20,0,1,8,0
161,-1.8982476118488276,0.599215292482968,22,0,0,8,0
162,1.090844833706146,-0.49174202397325256,33,0,0,3,0
163,-0.9370294764049318,1.1951590487388037,20,0,1,40,2
164,-0.8996334940607164,1.3651141062415681,17,1,0,40,2
165,0.33401854438207534,3.850362079120765,14,0,1,16,2
166,-0.9526678414656727,0.4276643218289571,20,0,1,16,0
167,0.328805756028495,3.59453050348415,14,0,1,8,2
168,0.4311681852960648,0.7482661281946997,11,0,1,8,2
169,-0.920484647475038,0.3417878036951058,17,1,0,8,2
170,-0.9604870239960431,0.043916958374033595,20,0,1,4,0
171,-1.0980789787214085,0.18988235037572915,28,0,0,1,0
172,-0.6232447905079883,0.13568736337988427,7,1,1,8,2
173,0.7239404941944813,0.9258012159544926,3,0,1,24,2
174,-1.097427380177211,0.22186129733030613,28,0,0,2,0
175,-1.0935177889120256,0.41373497905776785,28,0,0,8,0
176,-1.9028088016582103,0.37536266380092925,22,0,0,1,0
177,-1.0935177889120256,0.41373497905776785,28,0,0,8,0
178,-1.0883050005584451,0.6695665546943835,28,0,0,16,0
179,0.710256924766333,0.25424332990837667,3,0,1,3,2
180,-0.6180320021544079,0.39151893901649987,7,1,1,16,2
181,-1.097427380177211,0.22186129733030613,28,0,0,2,0
182,1.090844833706146,-0.49174202397325256,33,0,0,3,0
183,-1.0980789787214085,0.18988235037572915,28,0,0,1,0
184,-0.2774121759294872,0.10834293365042699,15,0,1,1,2
185,-1.0768488302514931,0.038952581874774496,28,0,0,1,0
186,0.3454747146890274,3.2197481063011564,14,0,1,1,2
187,-0.6143894911542237,0.7069631689407178,24,0,1,24,0
188,0.3454747146890274,3.2197481063011564,14,0,1,1,2
189,-1.0761972317072956,0.07093152882935144,28,0,0,2,0
190,-0.9392568755261282,-0.10701281012692095,20,0,1,4,0
191,0.7451706426643965,0.774871447453538,3,0,1,24,2
192,1.639022141866357,0.8623530129950523,36,0,1,1,0
193,-0.2761089788410921,0.17230082755958087,15,0,1,3,2
194,-0.6248150678613844,0.1953000176674865,24,0,1,8,0
195,-0.2774121759294872,0.10834293365042699,15,0,1,1,2
196,1.1153329748970489,-0.4827770577013225,33,0,0,8,0
197,-0.9053737512278559,1.5558924315110807,20,0,1,56,1
198,0.45239833376598,0.5973363596937451,11,0,1,8,2
199,0.36046148120557087,3.9552638862564264,14,0,1,24,2
200,-1.0878763896066828,0.7436175937044895,23,1,0,8,0
201,0.4576111221195603,0.8531679353303606,11,0,1,16,2
202,0.47176856366487696,0.3869416425592209,1,0,0,3,2
203,1.3046466875874068,-0.9792485410961965,2,1,0,0,2
204,0.38614399506146285,1.0683529433519834,11,0,1,8,2
205,0.2798719745287077,3.7227436369139717,14,0,1,2,2
206,0.2792203759845102,3.6907646899593947,14,0,1,1,2
207,0.6684907272527185,0.734224879838545,3,0,1,8,2
208,-1.1385419791466274,0.7338217942150517,28,0,0,8,0
209,-1.8538928479359666,0.3561645041937311,27,0,0,4,0
210,0.2798719745287077,3.7227436369139717,14,0,1,2,2
211,0.6639295374433359,0.5103722511565063,3,0,1,1,2
212,0.3965695717686235,1.580016094625215,11,0,1,24,2
213,-0.6734817690961706,0.1999426029005522,7,1,1,0,2
214,-0.4614109577608682,2.0649746072410395,18,0,0,0,0
215,-1.15934351666478,0.9588026017261123,23,1,0,0,0
216,0.17116717448129798,1.2452185331292442,31,0,0,0,0
217,0.6639295374433359,0.5103722511565063,3,0,1,1,2
218,1.5877545696783832,2.068885376608561,36,0,1,24,0
219,-0.4647981213495436,1.1079277864013648,10,0,1,8,2
220,-0.6893837320192159,0.6543327723167212,24,0,1,8,0
221,-0.4631124468028579,1.0959439573923608,10,0,1,8,2
222,-0.6789581553120552,1.1659959235899524,24,0,1,24,0
223,-0.34002604445472595,0.6633125291633923,15,0,1,4,2
224,-0.6893837320192159,0.6543327723167212,24,0,1,8,0
225,0.6701764017994043,0.7222410508295413,3,0,1,8,2
226,0.2828608461637885,3.774717701814122,14,0,1,4,2
227,-0.6893837320192159,0.6543327723167212,24,0,1,8,0
228,1.5790146675179082,1.5452383963263256,36,0,1,8,0
229,0.4156706805816137,1.2617007076179558,1,0,0,16,2
230,1.5744534777085257,1.321385767644287,36,0,1,1,0
231,1.6259297627001315,3.8477225770558667,36,0,1,80,1
232,-1.1524450537645141,1.2026503483537239,23,1,0,8,0
233,0.6662668105342191,0.5303673691020795,3,0,1,2,2
234,2.2989661208552903,0.6758970758429726,32,0,0,2,0
235,-1.1407658958651272,0.529964283478586,28,0,0,2,0
236,0.41987042922193646,3.240022254007774,14,0,1,16,2
237,1.7082050680456857,0.6267955850650546,36,0,1,8,0
238,0.279020773101968,0.05653394301204009,34,0,0,8,0
239,0.27641437892517784,-0.07138184480626773,34,0,0,4,0
240,-0.32532209433282483,1.3903795426073802,18,0,0,8,2
241,-1.8123957270089666,-0.011124532630023245,22,0,0,8,0
242,0.4107480496031708,2.792316996643697,14,0,1,2,2
243,-0.32532209433282483,1.3903795426073802,18,0,0,8,2
244,-0.32532209433282483,1.3903795426073802,18,0,0,8,2
245,-0.8464909986248046,1.5282338155574848,30,1,1,3,0
246,-0.3339220462750806,0.17750114613109003,10,0,1,8,2
247,0.5170200701359259,0.13792630308170867,11,0,1,8,2
248,0.7993668023271816,-0.19620176043172977,3,0,1,8,2
249,0.5326584351966669,0.9054210299915557,11,0,1,32,2
250,0.5170200701359259,0.13792630308170867,11,0,1,8,2
251,-0.8772415333329723,-0.6943386545572653,20,0,1,0,0
252,0.5292734330138954,0.05081446657472938,11,0,1,8,2
253,-0.8342376357468351,1.4411219790505057,30,1,1,3,0
254,0.5247122432045127,-0.1730381621073093,11,0,1,1,2
255,0.09245447053994488,-0.3650474286130493,9,0,0,8,2
256,0.09844227355092085,0.00957391084130232,26,1,1,1,0
257,0.09909387209511838,0.04155285779587927,26,1,1,2,0
258,-0.8623817762782127,-0.6535347032459368,20,0,1,4,0
259,0.5266670388371053,-0.07710132124357844,11,0,1,4,2
260,1.1876468843355814,-1.253151579502377,33,0,0,1,0
261,-0.2735446934540375,0.7301056501981246,21,0,0,8,0
262,-1.8047035539403795,-0.3220889978190412,22,0,0,1,0
263,1.7172004382026675,0.37978901378519064,36,0,1,3,0
264,1.1882984828797791,-1.2211726325478003,33,0,0,2,0
265,0.5473404658243975,-0.22353814446894874,1,0,0,1,2
266,1.7158972411142726,0.31583111987603674,36,0,1,1,0
267,0.5519016556337804,0.00031448421308995927,1,0,0,8,2
268,-0.3216686833971111,0.09038930962411075,10,0,1,8,2
269,-1.708157015806744,-0.5334581847652152,27,0,0,8,0
270,0.7754779887551475,-0.026370960270397367,3,0,1,8,2
271,0.7722199960341599,-0.18626569504328214,3,0,1,3,2
272,0.5035568332710524,0.8194202545162723,11,0,1,24,2
273,2.218122148400895,-0.688964955307618,5,0,1,0,2
274,-0.5788693567098921,0.16155233685339807,24,0,1,16,0
275,-0.23537605604318032,-0.11727842889112321,15,0,1,3,2
276,1.5660065090049542,-0.2835908217783499,8,0,1,0,2
277,-1.0792844537533641,-0.35773245425933586,19,0,1,0,0
278,0.7754779887551475,-0.026370960270397367,3,0,1,8,2
279,-0.5684437800027315,0.6732154881266293,24,0,1,32,0
280,0.7709167989457647,-0.250223588952436,3,0,1,1,2
281,-0.23472445749898277,-0.08529948193654627,15,0,1,4,2
282,-0.8985239527282164,-0.39659206657762514,20,0,1,4,0
283,2.223334936754475,-0.43313337967100246,5,0,1,8,2
284,1.679755064664269,0.5727737565443483,36,0,1,1,0
285,2.218122148400895,-0.688964955307618,5,0,1,0,2
286,-0.23537605604318032,-0.11727842889112321,15,0,1,3,2
287,-0.2112669099078712,1.0659426084282242,15,0,1,40,2
288,0.7754779887551475,-0.026370960270397367,3,0,1,8,2
289,0.5300290802244788,0.04544240529483097,11,0,1,8,2
290,0.5500509086675734,-0.13297336488511627,1,0,0,4,2
291,0.5300290802244788,0.04544240529483097,11,0,1,8,2
292,0.5300290802244788,0.04544240529483097,11,0,1,8,2
293,1.7160012897806582,0.27848011164156133,36,0,1,0,0
294,1.1877509330019673,-1.2905025877368521,33,0,0,0,0
295,-1.7993867169204139,-0.10360843041690088,22,0,0,8,0
296,0.2887717904695331,-0.19584468954772233,34,0,0,3,0
297,-0.7251662250478167,-0.349860977021748,13,0,1,8,2
298,0.8078146226063517,-0.5125382869006461,3,0,1,1,2
299,-1.7628971984453512,1.6872125990394085,22,0,0,64,1
300,2.255019972061482,-0.9512796532558282,5,0,1,0,2
301,0.5352418685780591,0.3012739809314466,11,0,1,16,2
302,-0.862277727611827,-0.690885711480412,20,0,1,3,0
303,2.255019972061482,-0.9512796532558282,5,0,1,0,2
304,2.256323169149877,-0.8873217593466742,5,0,1,2,2
305,2.256323169149877,-0.8873217593466742,5,0,1,2,2
306,1.716652888324856,0.31045905859613826,36,0,1,1,0
307,-0.19782663383839572,-0.34761417988475635,15,0,1,4,2
308,-1.7941739285668334,0.15222314521971475,22,0,0,16,0
309,1.716652888324856,0.31045905859613826,36,0,1,1,0
310,-0.3209130361865278,0.08501724834421237,10,0,1,8,2
311,-0.8642325232444196,-0.7868225523441429,20,0,1,0,0
312,-0.2004330280151859,-0.47552996770306416,15,0,1,0,2
313,-0.8354367841688444,1.3398130769068761,30,1,1,0,0
314,-1.8013415125530061,-0.19954527128063174,22,0,0,5,0
315,-1.8013415125530061,-0.19954527128063174,22,0,0,5,0
316,1.716652888324856,0.31045905859613826,36,0,1,1,0
317,0.2680032345918084,0.1348600338137676,34,0,0,8,0
318,1.1650275814916498,-1.0557347052390933,33,0,0,2,0
319,0.7883492638170221,-0.11787566963000227,3,0,1,8,2
320,-0.8863042762105392,-0.5200757228918069,20,0,1,3,0
321,-0.22380797806970076,-0.272741032159882,15,0,1,1,2
322,-1.0342721917468964,0.3625336278941805,23,1,0,8,0
323,0.47661913930832145,6.644158828085506,14,0,1,120,1
324,2.2362062118163495,-0.5246380890306073,5,0,1,8,2
325,-0.34155242119656476,1.2128740577724921,18,0,0,0,0
326,0.5240695644362684,-0.05810021716024194,1,0,0,1,2
327,0.2647452418708207,-0.025034700959117178,34,0,0,3,0
328,0.5247211629804659,-0.026121270205664987,1,0,0,2,2
329,0.7850912710960346,-0.27777040440288703,3,0,1,3,2
330,-0.571210870001598,-0.1857839481428225,24,0,1,8,0
331,-0.2218531824371081,-0.17680419129615116,15,0,1,4,2
332,-0.571210870001598,-0.1857839481428225,24,0,1,8,0
333,0.7837880740076393,-0.34172829831204093,3,0,1,1,2
334,-0.8830462834895516,-0.3601809881189222,20,0,1,8,0
335,-0.8830462834895516,-0.3601809881189222,20,0,1,8,0
336,-1.0394849801004766,0.10670205225756488,23,1,0,0,0
337,-0.5536232325318671,-0.652157946567995,7,1,1,0,2
338,0.7837880740076393,-0.34172829831204093,3,0,1,1,2
339,-0.96204312581156,-0.7040036719490196,28,0,0,3,0
340,0.8443379820435886,-0.7355795332801032,3,0,1,2,2
341,0.843686383499391,-0.7675584802346802,3,0,1,1,2
342,0.585271071016415,-0.4199725051737272,1,0,0,3,2
343,1.752524649217895,0.05543886526210429,36,0,1,1,0
344,-0.82575436817459,-0.9139269578598693,20,0,1,4,0
345,-0.5113125605098464,-0.6116141300654616,24,0,1,8,0
346,0.843686383499391,-0.7675584802346802,3,0,1,1,2
347,0.843686383499391,-0.7675584802346802,3,0,1,1,2
348,-1.7680761458367569,-0.5824812524329737,22,0,0,1,0
349,0.3279015440835601,-0.2909701481088716,34,0,0,8,0
350,0.5846194724722176,-0.4519514521283042,1,0,0,2,2
351,0.843686383499391,-0.7675584802346802,3,0,1,1,2
352,2.296104521308101,-0.9504682709532467,5,0,1,8,2
353,0.5859226695606126,-0.38799355821915027,1,0,0,4,2
354,-0.8231479739977999,-0.7860111700415615,20,0,1,8,0
355,-0.7982618261874102,1.148750777481996,30,1,1,2,0
356,0.8449895805877862,-0.7036005863255261,3,0,1,3,2
357,0.5659008411175179,-0.209577788039203,11,0,1,8,2
358,-1.0788028554442597,0.19928938835387294,28,0,0,5,0
359,0.22547698242320632,1.3158597451947143,34,0,0,32,0
360,0.3415658938636681,3.2841480719165244,14,0,1,2,2
361,0.46590494720692527,0.3554047673108576,1,0,0,1,2
362,0.3428690909520632,3.3481059658256784,14,0,1,4,2
363,0.44783791439642323,0.6297573783545357,11,0,1,8,2
364,-0.27741140548966114,0.36461658099325633,15,0,1,8,2
365,2.178041594587006,-0.11113310455950773,5,0,1,8,2
366,1.6364165181293926,0.9907108725195738,36,0,1,4,0
367,0.7256234567782961,0.0717766861590587,3,0,1,1,2
368,0.7256234567782961,0.0717766861590587,3,0,1,1,2
369,0.3047987663943797,-0.34639527000293024,34,0,0,2,0
370,0.8257963941637909,-0.567152026492123,3,0,1,3,2
371,-0.9825395093239503,-0.6315130060247705,28,0,0,1,0
372,0.5434496619725351,-0.23302396297868472,11,0,1,3,2
373,-0.8455991531427828,-0.8094573449810429,20,0,1,3,0
374,0.8257963941637909,-0.567152026492123,3,0,1,3,2
375,0.8251447956195933,-0.5991309734467001,3,0,1,2,2
376,0.8257963941637909,-0.567152026492123,3,0,1,3,2
377,0.8290543868847785,-0.4072572917192383,3,0,1,8,2
378,-0.5305057469338414,-0.47516557023205863,24,0,1,8,0
379,0.8257963941637909,-0.567152026492123,3,0,1,3,2
380,-0.6630590021355767,-0.7294750156725753,6,0,0,8,2
381,0.8257963941637909,-0.567152026492123,3,0,1,3,2
382,-0.5344153381990268,-0.6670392519595203,24,0,1,2,0
383,-0.18245125645774668,-0.5301437072945412,15,0,1,2,2
384,-0.8083326329926396,1.7329045946794763,30,1,1,16,0
385,0.8257963941637909,-0.567152026492123,3,0,1,3,2
386,0.8257963941637909,-0.567152026492123,3,0,1,3,2
387,-0.5200801702266807,0.03649758104117267,24,0,1,24,0
388,0.8257963941637909,-0.567152026492123,3,0,1,3,2
389,0.8257963941637909,-0.567152026492123,3,0,1,3,2
390,0.3180983483315452,-0.2212770855512614,34,0,0,8,0
391,-0.5159029679082809,-0.28608949187123583,24,0,1,16,0
392,-0.5250253475270465,-0.7337947492353132,24,0,1,2,0
393,-0.835557563926605,-0.8442338953022591,20,0,1,4,0
394,0.8345347862915736,-0.6658864707224931,3,0,1,2,2
395,0.5787258679853879,-0.19038470784323228,1,0,0,8,2
396,-0.7955551874055997,-0.5463630499811869,17,1,0,8,2
397,-0.9841770780071595,0.006396508529151538,23,1,0,8,0
398,0.8436571659103393,-0.2181812133584157,3,0,1,16,2
399,-0.29484447104550343,-0.10030988243221149,10,0,1,8,2
400,-0.7043104482603727,-0.7910196834347875,13,0,1,0,2
401,0.5787258679853879,-0.19038470784323228,1,0,0,8,2
402,1.7433730520100779,0.15711087477429142,36,0,1,2,0
403,1.7440246505542751,0.18908982172886835,36,0,1,3,0
404,1.7472826432752626,0.34898455650175314,36,0,1,8,0
405,0.5735130796318075,-0.4462162834798479,1,0,0,0,2
406,-0.5263285446154417,-0.797752643144467,24,0,1,0,0
407,1.7420698549216829,0.0931529808651375,36,0,1,0,0
408,0.8384443775567589,-0.4740127889950313,3,0,1,8,2
409,0.556097645365503,-0.13988472548159284,11,0,1,8,2
410,-0.8329511697498149,-0.7163181074839512,20,0,1,8,0
411,-0.5250253475270465,-0.7337947492353132,24,0,1,2,0
412,0.84212830413964,-0.646647842785469,3,0,1,4,2
413,-0.8299188417111311,-0.9209321082289658,20,0,1,3,0
414,-0.28256059252036647,0.9399334602536412,18,0,0,4,0
415,-0.6954137333239112,-0.7078231615886096,13,0,1,4,2
416,1.222716213079453,-1.3926331966670984,33,0,0,4,0
417,-0.27995419834357627,1.067849248071949,18,0,0,8,2
418,0.8447346983164301,-0.5187320549671611,3,0,1,8,2
419,1.7490117742255513,0.08041266184758458,36,0,1,1,0
420,1.8265520009850589,3.8859073494422423,36,0,1,120,1
421,0.13611799647158257,-0.001991918505111103,26,1,1,8,0
422,-0.8292672431669336,-0.8889531612743888,20,0,1,4,0
423,0.84212830413964,-0.646647842785469,3,0,1,4,2
424,0.32047907782603124,-0.457870033250853,34,0,0,2,0
425,2.289382380056399,-0.6097886705864647,5,0,1,16,2
426,1.2129909613781193,-1.3967168624315665,33,0,0,2,0
427,-0.7012293937600599,-0.5200331456256159,13,0,1,8,2
428,-1.7787078783536443,-0.43367533379365353,22,0,0,3,0
429,0.8337062495267012,-0.5867736146407831,3,0,1,4,2
430,-0.30153739470815377,-0.30900754894169424,10,0,1,1,2
431,-0.8383408963240699,-0.8610578800842799,20,0,1,3,0
432,-0.8015965125240523,-0.7230817695360926,17,1,0,2,2
433,-0.8009449139798547,-0.6911028225815157,17,1,0,3,2
434,0.11714694903828492,-0.5405916584968155,9,0,0,8,2
435,-0.9739780554168423,-0.6191556472188534,28,0,0,3,0
436,-0.2883762529565151,1.1277234762166348,18,0,0,8,2
437,-1.779359476897842,-0.46565428074823056,22,0,0,2,0
438,0.31140542466889487,-0.42997475206074415,34,0,0,1,0
439,0.5765941341321204,-0.17522974567067628,1,0,0,8,2
440,-1.7787078783536443,-0.43367533379365353,22,0,0,3,0
441,0.30274747299302945,-0.2952008730856403,34,0,0,3,0
442,0.8230935022182432,-0.5479365765294102,3,0,1,3,2
443,0.30209587444883196,-0.3271798200402173,34,0,0,2,0
444,-0.9832876056369055,-0.5163607151983267,28,0,0,4,0
445,-0.8476504465441329,-0.7582629480637532,20,0,1,4,0
446,0.8211387065856506,-0.6438734173931411,3,0,1,0,2
447,-0.16039340372378788,0.7042717269420959,15,0,1,40,2
448,0.8367770716463916,0.12362130951670587,3,0,1,24,2
449,-0.536466631600377,-0.6158448550422303,24,0,1,3,0
450,0.8237451007624408,-0.5159576295748332,3,0,1,4,2
451,2.274208442938558,-0.7948042611571303,5,0,1,8,2
452,0.8224419036740456,-0.5799155234839871,3,0,1,2,2
453,-0.9845908027253006,-0.5803186091074807,28,0,0,2,0
454,1.7312801693925497,0.24308182201279727,36,0,1,2,0
455,0.8263514949392309,-0.38804184175652534,3,0,1,8,2
456,-1.7893206256621024,-0.3948382956822806,22,0,0,2,0
457,-0.5371182301445745,-0.6478238019968072,24,0,1,2,0
458,-0.30289859153015847,0.9746868326005461,18,0,0,1,0
459,0.5666329853678599,-0.10441376060472642,1,0,0,8,2
460,-1.7594144341355573,-0.6074479517213317,22,0,0,2,0
461,-0.9533814141103605,-0.7289703712373778,28,0,0,4,0
462,-0.8151378608407979,-0.8429568162844963,20,0,1,8,0
463,-0.2289071721934129,0.4127677493412572,21,0,0,8,0
464,-0.2684312101942307,0.9859298052435335,18,0,0,8,2
465,0.33591165724056216,-0.3479157943518067,34,0,0,8,0
466,-0.8177442550175881,-0.9708726041028042,20,0,1,4,0
467,0.33591165724056216,-0.3479157943518067,34,0,0,8,0
468,0.14764098462092823,-0.0839113613335264,26,1,1,8,0
469,1.4268109066401444,-1.8111293881175023,2,1,0,1,2
470,-0.5072120386180295,-0.8604334580358582,24,0,1,2,0
471,-0.8830087713370259,2.7247558998569334,28,0,0,112,1
472,0.851696496656393,-0.8245041264776152,3,0,1,1,2
473,1.7605347623748973,-0.001506780980830824,36,0,1,1,0
474,-0.2770311621364865,-0.22694859123275668,10,0,1,8,2
475,0.57391095427452,-0.266523434282138,11,0,1,8,2
476,2.3041146344651033,-1.0074139171961818,5,0,1,8,2
477,-0.5072120386180295,-0.8604334580358582,24,0,1,2,0
478,-0.15589955542094705,-0.7555168603254563,15,0,1,1,2
479,-0.4844116127947183,-1.0709758808244154,7,1,1,2,2
480,0.8290017770099763,-0.5533284906523864,3,0,1,4,2
481,-0.8069525835849747,-0.7216155925022729,17,1,0,1,2
482,-0.5305583568086437,-0.6212367691652066,24,0,1,4,0
483,0.3086557477847627,-0.3005927872086166,34,0,0,4,0
484,0.5492614389955107,-0.09128463932064022,11,0,1,8,2
485,2.279465119186094,-0.8321751222346836,5,0,1,8,2
486,-0.17859427506736372,-0.4843412245002275,15,0,1,4,2
487,0.8290017770099763,-0.5533284906523864,3,0,1,4,2
488,-0.8023913937755919,-0.4977629638202342,17,1,0,8,2
489,-0.28786793711965963,1.417000175841647,18,0,0,16,2
490,0.5692832674386054,-0.26970040950058743,1,0,0,4,2
491,-0.5325131524412363,-0.7171736100289375,24,0,1,1,0
492,0.30930734632896023,-0.26861384025403967,34,0,0,5,0
493,-0.1798974721557588,-0.5482991184093815,15,0,1,2,2
494,-0.8430453688407948,-0.8276127560958834,20,0,1,3,0
495,-0.5476248330288035,-0.6097413678110389,24,0,1,1,0
496,-0.5476248330288035,-0.6097413678110389,24,0,1,1,0
497,0.29289246865299806,-0.22513949194529498,34,0,0,3,0
498,0.42787773787518857,2.670538296459247,14,0,1,2,2
499,-0.19500915274332586,-0.4408668761914828,15,0,1,2,2
500,-1.7952660387369488,-0.13290323281447353,22,0,0,8,0
501,1.1925232097296297,-1.287818443179848,33,0,0,1,0
502,0.8138900964224093,-0.4458962484344879,3,0,1,4,2
503,-0.9950974056095295,-0.5422361749217123,28,0,0,1,0
504,-1.7991756300021338,-0.3247769145419352,22,0,0,2,0
505,-0.721045546864352,-0.3791557794193206,13,0,1,8,2
506,-0.3167923580030629,0.05572244594663977,10,0,1,8,2
507,2.4154486853201833,-0.18881425315630446,32,0,0,1,0
508,-0.47778712400025236,0.707916450465509,25,0,0,3,0
509,-0.5722495690101254,-0.17839960972797902,24,0,1,8,0
510,2.4167518824085783,-0.12485635924715056,32,0,0,3,0
511,-0.22419507853403067,-0.23337774679046153,15,0,1,2,2
512,0.26305494431809573,-0.04962930949885066,34,0,0,2,0
513,2.416100283864381,-0.15683530620172753,32,0,0,2,0
514,-0.22484667707822822,-0.2653566937450385,15,0,1,1,2
515,-1.0236317328560367,-0.3027680985661141,28,0,0,2,0
516,-0.7502314726550567,-0.17166665001829937,13,0,1,8,2
517,-0.7534894653760443,-0.33156138479118413,13,0,1,3,2
518,-1.0223285357676417,-0.23881020465696012,28,0,0,4,0
519,-0.7502314726550567,-0.17166665001829937,13,0,1,8,2
520,0.784052572087507,-0.27038606598804354,3,0,1,3,2
521,0.06358368033390545,-0.41607779157153774,9,0,0,1,2
522,-0.22484667707822822,-0.2653566937450385,15,0,1,1,2
523,-0.7502314726550567,-0.17166665001829937,13,0,1,8,2
524,-1.0242833314002342,-0.334747045520691,28,0,0,1,0
525,-0.7502314726550567,-0.17166665001829937,13,0,1,8,2
526,-1.0229801343118392,-0.27078915161153705,28,0,0,3,0
527,-0.7048028242118608,-0.43270905516849584,6,0,0,8,2
528,-0.47452913127926466,0.8678111852383938,25,0,0,8,0
529,1.1678984737483076,-0.856476685096788,33,0,0,8,0
530,-1.024934929944432,-0.36672599247526794,28,0,0,0,0
531,-1.0229801343118392,-0.27078915161153705,28,0,0,3,0
532,0.8033894110152772,-0.48107848990699426,3,0,1,1,2
533,0.2843465788784586,-0.1643848925540705,34,0,0,3,0
534,-0.3063127191281858,1.8410185930873857,18,0,0,24,2
535,0.8033894110152772,-0.48107848990699426,3,0,1,1,2
536,0.2876045715994463,-0.004490157781185728,34,0,0,8,0
537,0.5256038686334041,0.07690220228848287,11,0,1,8,2
538,-0.45388909526309923,0.721076655228597,25,0,0,8,0
539,-1.0016884997514763,-0.3855447346667569,28,0,0,4,0
540,-0.3253382477776023,0.11647704533786425,10,0,1,8,2
541,-0.20355504251786533,-0.38011227680025833,15,0,1,2,2
542,0.2836949803342611,-0.19636383950864747,34,0,0,2,0
543,-1.0023400982956738,-0.4175236816213339,28,0,0,3,0
544,0.8033894110152772,-0.48107848990699426,3,0,1,1,2
545,0.2876045715994463,-0.004490157781185728,34,0,0,8,0
546,0.2876045715994463,-0.004490157781185728,34,0,0,8,0
547,-1.0029916968398713,-0.44950262857591083,28,0,0,2,0
548,-0.20485823960626046,-0.4440701707094123,15,0,1,0,2
549,0.5203910802798238,-0.17892937334813275,11,0,1,0,2
550,1.1859321155876832,-1.1311270029248925,33,0,0,4,0
551,2.250594760470407,-0.9198198562621763,5,0,1,0,2
552,-1.0029916968398713,-0.44950262857591083,28,0,0,2,0
553,-0.7295914366388914,-0.31840118002809614,13,0,1,8,2
554,-0.32924783904278754,-0.07539663638959748,10,0,1,2,2
555,0.8083875679868784,0.618338927887527,3,0,1,32,2
556,-0.21940803896058553,-0.3040211615521996,15,0,1,1,2
557,-1.0175414961941964,-0.30945361941869814,28,0,0,3,0
558,-1.8235745162193935,-0.18793119990265206,22,0,0,1,0
559,-1.0175414961941964,-0.30945361941869814,28,0,0,3,0
560,-1.0175414961941964,-0.30945361941869814,28,0,0,3,0
561,-0.34314603985291503,0.09663131972219206,10,0,1,4,2
562,-0.8451599533014064,-0.4133797417359372,17,1,0,2,2
563,2.2406061509254647,-0.5559182184229249,5,0,1,8,2
564,-1.1345414610140687,0.8797887040369494,12,0,1,8,2
565,-1.8138005380564302,0.29175300441600227,22,0,0,16,0
566,-1.0181930947383941,-0.3414325663732751,28,0,0,2,0
567,-1.0175414961941964,-0.30945361941869814,28,0,0,3,0
568,-1.0181930947383941,-0.3414325663732751,28,0,0,2,0
569,0.4549551366495349,5.333720820510109,14,0,1,80,1
570,-1.8502658633260396,0.8438834047932281,22,0,0,24,0
571,-1.8554786516796202,0.5880518291566124,22,0,0,16,0
572,-0.8868380669245961,-0.11708091699532704,17,1,0,2,2
573,-0.8868380669245961,-0.11708091699532704,17,1,0,2,2
574,-1.8639494327541881,0.17232551874711205,22,0,0,3,0
575,-0.8868380669245961,-0.11708091699532704,17,1,0,2,2
576,2.383770399624019,0.2926727324591833,32,0,0,8,0
577,-0.8861864683803985,-0.0851019700407501,17,1,0,3,2
578,-1.8646010312983858,0.14034657179253512,22,0,0,2,0
579,0.36636192784412197,3.3275354645211785,14,0,1,8,2
580,-1.8646010312983858,0.14034657179253512,22,0,0,2,0
581,0.7478130965819598,-0.0127517090545945,3,0,1,3,2
582,0.46872435711169175,0.4812710892317286,11,0,1,8,2
583,0.7478130965819598,-0.0127517090545945,3,0,1,3,2
584,0.7471614980377622,-0.044730656009171456,3,0,1,2,2
585,0.8133462757229718,-0.29558489410984773,3,0,1,8,2
586,-0.9969444233973621,-0.45588271450622603,28,0,0,3,0
587,1.193934184662785,-1.0415702479914772,33,0,0,8,0
588,0.8094366844577866,-0.48745857583730945,3,0,1,2,2
589,-0.9969444233973621,-0.45588271450622603,28,0,0,3,0
590,0.8094366844577866,-0.48745857583730945,3,0,1,2,2
591,-1.8023258448783617,-0.3023813480356029,22,0,0,2,0
592,0.9067658776298319,0.9464521237436285,29,0,1,2,0
593,0.8094366844577866,-0.48745857583730945,3,0,1,2,2
594,-1.1178539794824196,0.5414859272219599,12,0,1,2,2
595,0.8094366844577866,-0.48745857583730945,3,0,1,2,2
596,-0.9936864306763744,-0.2959879797333413,28,0,0,8,0
597,0.8100882830019843,-0.45547962888273247,3,0,1,3,2
598,0.8100882830019843,-0.45547962888273247,3,0,1,3,2
599,-0.9969444233973621,-0.45588271450622603,28,0,0,3,0
600,-1.8023258448783617,-0.3023813480356029,22,0,0,2,0
601,-0.8245628805045718,-0.5598088368234652,17,1,0,2,2
602,0.8100882830019843,-0.45547962888273247,3,0,1,3,2
603,-1.1172023809382219,0.5734648741765367,12,0,1,3,2
604,-1.8023258448783617,-0.3023813480356029,22,0,0,2,0
605,0.8094366844577866,-0.48745857583730945,3,0,1,2,2
606,0.8133462757229718,-0.29558489410984773,3,0,1,8,2
607,0.8094366844577866,-0.48745857583730945,3,0,1,2,2
608,0.42668231863155365,2.7888707038293097,14,0,1,5,2
609,-0.45175141308577516,0.5228228875708201,25,0,0,3,0
610,0.8094366844577866,-0.48745857583730945,3,0,1,2,2
611,-0.9975960219415596,-0.48786166146080306,28,0,0,2,0
612,0.8094366844577866,-0.48745857583730945,3,0,1,2,2
613,1.1900245933975997,-1.2334439297189388,33,0,0,2,0
614,-0.9975960219415596,-0.48786166146080306,28,0,0,2,0
615,0.8094366844577866,-0.48745857583730945,3,0,1,2,2
616,0.8094366844577866,-0.48745857583730945,3,0,1,2,2
617,-0.45240301162997265,0.49084394061624304,25,0,0,2,0
618,0.8625758686495217,-0.865236657783066,3,0,1,2,2
619,1.243163777589335,-1.6112220116646954,33,0,0,2,0
620,0.1440617725285129,-0.9149915425028294,9,0,0,3,2
621,1.2438153761335324,-1.5792430647101183,33,0,0,3,0
622,0.21508601384604512,2.5707136755460587,9,0,0,112,1
623,0.8625758686495217,-0.865236657783066,3,0,1,2,2
624,-0.9444568377498243,-0.8656397434065594,28,0,0,2,0
625,0.8632274671937195,-0.833257710828489,3,0,1,3,2
626,-0.9444568377498243,-0.8656397434065594,28,0,0,2,0
627,-1.748535062142429,-0.6481804830267824,22,0,0,3,0
628,-0.39861222889403997,0.14504480562506356,25,0,0,3,0
629,-0.2668033886875553,-0.2996600694927845,10,0,1,8,2
630,0.8664854599147069,-0.6733629760556042,3,0,1,8,2
631,0.8625758686495217,-0.865236657783066,3,0,1,2,2
632,0.8632274671937195,-0.833257710828489,3,0,1,3,2
633,-1.7491866606866262,-0.6801594299813595,22,0,0,2,0
634,0.863879065737917,-0.8012787638739121,3,0,1,4,2
635,1.243163777589335,-1.6112220116646954,33,0,0,2,0
636,0.8632274671937195,-0.833257710828489,3,0,1,3,2
637,-0.940547246484639,-0.6737660616790977,28,0,0,8,0
638,0.8625758686495217,-0.865236657783066,3,0,1,2,2
639,0.5841387277234513,-0.3392349125421659,11,0,1,8,2
640,0.14341017398431535,-0.9469704894574064,9,0,0,2,2
641,0.8625758686495217,-0.865236657783066,3,0,1,2,2
642,1.2438153761335324,-1.5792430647101183,33,0,0,3,0
643,0.8632274671937195,-0.833257710828489,3,0,1,3,2
644,-1.7491866606866262,-0.6801594299813595,22,0,0,2,0
645,0.8632274671937195,-0.833257710828489,3,0,1,3,2
646,0.8632274671937195,-0.833257710828489,3,0,1,3,2
647,0.23187707772728153,-0.22366060011404054,16,1,1,8,2
648,0.4922018751630422,3.0186926140205155,14,0,1,24,2
649,0.8632274671937195,-0.833257710828489,3,0,1,3,2
650,0.8632274671937195,-0.833257710828489,3,0,1,3,2
651,-1.7491866606866262,-0.6801594299813595,22,0,0,2,0
652,0.6466921879664155,2.7307439950972223,11,0,1,104,1
653,-0.6710565775488444,-0.7345382948587448,13,0,1,8,2
654,-0.9709904782528194,-0.4573384691116907,28,0,0,8,0
655,0.3156961989213131,-0.20419968004442746,34,0,0,8,0
656,-0.2972466204557355,-0.08323247692537754,10,0,1,8,2
657,1.2166301370863397,-1.2029207373698267,33,0,0,8,0
658,-0.6560711608738286,-0.7791531074415343,6,0,0,8,2
659,-1.7796298924548062,-0.46373183741395246,22,0,0,2,0
660,-0.6910742326098639,-0.006447551018106624,13,0,1,24,2
661,-0.8018669280810169,-0.7211593262018147,17,1,0,2,2
662,1.7416225011440432,0.20616722723570224,36,0,1,3,0
663,-0.3011562117209208,-0.2751061586528392,10,0,1,2,2
664,0.31178660765612787,-0.3960733617718892,34,0,0,2,0
665,0.5763237185751559,-0.17330730233639832,1,0,0,8,2
666,-1.7796298924548062,-0.46373183741395246,22,0,0,2,0
667,-0.9709904782528194,-0.4573384691116907,28,0,0,8,0
668,-0.4290554606622202,0.3614723981924705,25,0,0,3,0
669,-1.7796298924548062,-0.46373183741395246,22,0,0,2,0
670,0.4487266725109111,2.5955412674963836,14,0,1,4,2
671,-0.9709904782528194,-0.4573384691116907,28,0,0,8,0
672,1.7409709025998457,0.17418828028112532,36,0,1,2,0
673,-1.7796298924548062,-0.46373183741395246,22,0,0,2,0
674,0.5872313217887923,-0.25085183907232134,1,0,0,8,2
675,0.941021031811221,0.7395360445839334,29,0,1,3,0
676,-0.4187994559927812,0.2519489145019706,25,0,0,2,0
677,0.3233458094139619,-0.4416389515532353,34,0,0,3,0
678,2.2948067793594906,-0.9412423396247255,5,0,1,8,2
679,-1.7693738877853675,-0.5732553211044525,22,0,0,1,0
680,-0.164555811982362,-0.6573663357994232,15,0,1,2,2
681,0.9442790245322086,0.8994307793568179,29,0,1,8,0
682,0.1748226479903782,1.7730812456942389,26,1,1,64,1
683,0.9442790245322086,0.8994307793568179,29,0,1,8,0
684,-1.7687222892411698,-0.5412763741498755,22,0,0,2,0
685,1.751878505813482,0.09664374354520228,36,0,1,2,0
686,1.7525301043576798,0.12862269049977923,36,0,1,3,0
687,0.32204261232556686,-0.5055968454623893,34,0,0,1,0
688,1.750575308725087,0.032685849636048384,36,0,1,0,0
689,-1.7687222892411698,-0.5412763741498755,22,0,0,2,0
690,-0.9808844125573355,-0.30990219833655314,23,1,0,0,0
691,-0.7916109234115779,-0.8306828098923146,17,1,0,1,2
692,0.4883046116692395,3.9250703967618463,14,0,1,48,1
693,-0.4148898647275959,0.4438225962294323,25,0,0,8,0
694,-0.16064622071717677,-0.4654926540719614,15,0,1,8,2
695,-0.7870497336021951,-0.6068301812102759,17,1,0,8,2
696,-0.9633408677601704,-0.6947777406204985,28,0,0,3,0
697,-0.27773906529984316,1.0521013828149897,18,0,0,8,2
698,-0.4187994559927812,0.2519489145019706,25,0,0,2,0
699,-0.164555811982362,-0.6573663357994232,15,0,1,2,2
700,-1.7687222892411698,-0.5412763741498755,22,0,0,2,0
701,-0.286339017242099,-0.16077701366130057,10,0,1,8,2
702,0.45833107863615247,2.454038836851306,14,0,1,2,2
703,-0.7870497336021951,-0.6068301812102759,17,1,0,8,2
704,0.4622406699013377,2.645912518578768,14,0,1,8,2
705,-0.9646440648485656,-0.7587356345296524,28,0,0,1,0
706,0.1650402083136023,0.25149732175495537,16,1,1,8,2
707,-1.8153719315561079,-0.17302256115778658,22,0,0,3,0
708,0.2793025612758142,0.054530649257161515,34,0,0,8,0
709,0.2793025612758142,0.054530649257161515,34,0,0,8,0
710,-1.0229728650628904,0.2822042433375745,23,1,0,8,0
711,1.7189124329266927,1.1364554425834075,36,0,1,24,0
712,-1.127642073439178,0.8307394488726609,12,0,1,8,2
713,-1.8160235301003056,-0.2050015081123635,22,0,0,2,0
714,1.3695502121311989,-1.4406618914631113,2,1,0,0,2
715,-0.29072905651174114,0.5593826173136097,21,0,0,0,0
716,1.7052288634985442,0.46489755653729137,36,0,1,3,0
717,-1.8160235301003056,-0.2050015081123635,22,0,0,2,0
718,-0.2118570528414974,-0.3210914697619111,15,0,1,2,2
719,-1.8153719315561079,-0.17302256115778658,22,0,0,3,0
720,0.2760445685548265,-0.10536408551572325,34,0,0,3,0
721,-1.127642073439178,0.8307394488726609,12,0,1,8,2
722,0.275392970010629,-0.13734303247030022,34,0,0,2,0
723,0.2760445685548265,-0.10536408551572325,34,0,0,3,0
724,-1.1309000661601658,0.6708447140997762,12,0,1,3,2
725,2.2581482429907314,-0.8270740014050756,5,0,1,4,2
726,-1.118302566037197,0.544675027145645,12,0,1,2,2
727,0.09373199450298776,-0.3741296258605029,9,0,0,8,2
728,0.28994526576619034,-0.16757587856070066,34,0,0,4,0
729,0.16671103145311258,3.207512433052116,9,0,0,120,1
730,-0.6740029114985808,-0.3587819425028841,6,0,0,16,2
731,0.2886420686777953,-0.2315337724698546,34,0,0,2,0
732,-0.3203911594340681,0.0813071123766571,10,0,1,8,2
733,-0.9941350172311519,-0.29279887980965624,28,0,0,8,0
734,-0.6777292531131339,1.9489130677402378,13,0,1,80,1
735,0.5305509569769384,0.04173226932727574,11,0,1,8,2
736,0.5505727854200332,-0.13668350085267153,1,0,0,4,2
737,1.4785420685969533,-0.4982796687611085,4,0,1,0,2
738,1.5950673360099603,-0.4901905965527654,8,0,1,0,2
739,0.5545542923380322,-0.1134318747303665,35,0,0,0,0
